ID,User ID,Boost ID,Status,Hash,Payment Method,Created At,Updated At,Subscription ID,Price
2056dfa6-0058-414c-9c5c-dee6f6c547bd,b727849b-5805-4c83-a9e0-34dfe8162c25,01146fd4-43f3-4814-b573-963ac0864017,ACTIVE,pay_c11dvuniqikujcw4,PIX,2025-08-20T14:24:05.35,2025-08-20T14:24:05.35,,0.0
2348ade9-4207-4cb3-8b9f-b56562eb7353,8bea236b-9bc9-42f9-8d29-fb55172ac1a9,2add3aba-7923-43f6-8ee2-699b4e299110,INACTIVE,pay_3zglux2qibi2ko82,PIX,2025-08-20T14:24:05.35,2025-08-20T14:24:05.35,,0.0
c0ddedc6-4dc4-4333-9adb-3bda487b0bc5,aec0b730-0063-412a-a076-84d8ac1c84bd,2add3aba-7923-43f6-8ee2-699b4e299110,INACTIVE,pay_7turlecjvrsr6neg,PIX,2025-08-20T14:24:05.35,2025-08-20T14:24:05.35,,0.0
2ac4884c-83bb-433b-804c-8e98feee10b3,aec0b730-0063-412a-a076-84d8ac1c84bd,2add3aba-7923-43f6-8ee2-699b4e299110,INACTIVE,pay_94ptxudocf389483,PIX,2025-08-20T14:24:05.35,2025-08-20T14:24:05.35,,0.0
5d63b6c7-3f58-47c7-bbea-8157995c8ae0,aec0b730-0063-412a-a076-84d8ac1c84bd,2add3aba-7923-43f6-8ee2-699b4e299110,INACTIVE,pay_53ou7bn1lzuyucs7,PIX,2025-08-20T14:24:05.35,2025-08-20T14:24:05.35,,0.0
a4bd5454-9bd5-45d4-ac36-e0c471c6d4eb,aec0b730-0063-412a-a076-84d8ac1c84bd,2add3aba-7923-43f6-8ee2-699b4e299110,INACTIVE,pay_gfhfiizh1n8swgrv,PIX,2025-08-20T14:24:05.35,2025-08-20T14:24:05.35,,0.0
97233500-2ff0-4ef7-876b-be1f462034f7,dda92bac-eedb-4b5d-af7b-15ece8511ab7,2add3aba-7923-43f6-8ee2-699b4e299110,ACTIVE,pay_1wf8ufd0xka6nd6f,PIX,2025-08-20T14:24:05.35,2025-08-20T14:24:05.35,,0.0
4838e327-c574-4e40-81e1-8d0e5107c1f3,8bea236b-9bc9-42f9-8d29-fb55172ac1a9,2add3aba-7923-43f6-8ee2-699b4e299110,ACTIVE,pay_k75knrh6oy6gfcrj,PIX,2025-08-20T14:24:05.35,2025-08-20T14:24:05.35,,0.0
3e6163b9-8d24-4b40-9809-86244b946179,aec0b730-0063-412a-a076-84d8ac1c84bd,2add3aba-7923-43f6-8ee2-699b4e299110,ACTIVE,pay_7pzkv5ek93yzy163,PIX,2025-08-20T14:24:05.35,2025-08-20T14:24:05.35,,0.0
f29c9e12-c04c-4249-82a5-2ac015e8d6b3,396bfab5-a4fd-4bfb-afe3-5aec19ba9e79,2add3aba-7923-43f6-8ee2-699b4e299110,INACTIVE,pay_6ahggygx6x10flh5,PIX,2025-08-20T14:24:05.35,2025-08-20T14:24:05.35,,0.0
94087490-25e8-45d3-bd73-d936d8f3c306,aec0b730-0063-412a-a076-84d8ac1c84bd,01146fd4-43f3-4814-b573-963ac0864017,INACTIVE,pay_zbggw55lsregf6vv,PIX,2025-08-20T14:24:05.35,2025-08-20T14:24:05.35,,0.0
cc4ef579-99b2-4cf5-a8f0-59a6a905f0dc,f7f24227-4622-4dd2-af2b-ef868b074cd4,2add3aba-7923-43f6-8ee2-699b4e299110,ACTIVE,pay_yu3xb85qk2p6vx0a,PIX,2025-08-20T14:24:05.35,2025-08-20T14:24:05.35,,0.0
0a61f35d-1ffa-4395-adb8-db5744d64427,b727849b-5805-4c83-a9e0-34dfe8162c25,2add3aba-7923-43f6-8ee2-699b4e299110,INACTIVE,pay_afwks0n4ze1zyjas,PIX,2025-08-20T14:24:05.35,2025-08-20T14:24:05.35,,0.0
41b6d45a-2898-413a-b7ae-47d3280beaa4,b727849b-5805-4c83-a9e0-34dfe8162c25,2add3aba-7923-43f6-8ee2-699b4e299110,INACTIVE,pay_a8p73gxhcyak4va7,PIX,2025-08-20T14:24:05.35,2025-08-20T14:24:05.35,,0.0
e0c8fe63-00a1-4c78-83b9-21c261e2d478,b727849b-5805-4c83-a9e0-34dfe8162c25,2add3aba-7923-43f6-8ee2-699b4e299110,INACTIVE,pay_y2zej3zjbkvyevve,PIX,2025-08-20T14:24:05.35,2025-08-20T14:24:05.35,,0.0
ce59c334-d831-4534-b9f4-8b867b763a84,b727849b-5805-4c83-a9e0-34dfe8162c25,2add3aba-7923-43f6-8ee2-699b4e299110,INACTIVE,pay_dunfr3k58i0les4w,PIX,2025-08-20T14:24:05.35,2025-08-20T14:24:05.35,,0.0
ef8cfaca-f759-4e1f-b3b4-d525dcb31e40,b727849b-5805-4c83-a9e0-34dfe8162c25,2add3aba-7923-43f6-8ee2-699b4e299110,INACTIVE,pay_5gbp90hjhze0axlz,PIX,2025-08-20T14:24:05.35,2025-08-20T14:24:05.35,,0.0
e35520d8-83f5-4f24-b698-891d7ea352a8,b727849b-5805-4c83-a9e0-34dfe8162c25,2add3aba-7923-43f6-8ee2-699b4e299110,ACTIVE,pay_m7sj2rh2uadcpaui,PIX,2025-08-20T14:24:05.35,2025-08-20T14:24:05.35,,0.0
69c394fb-2a2f-4b54-bb31-4fbf1253391a,32217e6f-fa92-4a96-a620-9b25ad9bce6a,2add3aba-7923-43f6-8ee2-699b4e299110,INACTIVE,pay_797dp6t055qs2oh6,PIX,2025-08-20T14:24:05.35,2025-08-20T14:24:05.35,,0.0
ed44b096-0475-488d-a2ac-62dab579aa3b,32217e6f-fa92-4a96-a620-9b25ad9bce6a,2add3aba-7923-43f6-8ee2-699b4e299110,INACTIVE,pay_mhi2z7a4hujwlzk8,PIX,2025-08-20T14:24:05.35,2025-08-20T14:24:05.35,,0.0
25c85f37-4b1e-4c66-9201-fb659a707f78,32217e6f-fa92-4a96-a620-9b25ad9bce6a,2add3aba-7923-43f6-8ee2-699b4e299110,INACTIVE,pay_4a8gx2j9tgjcfc5r,PIX,2025-08-20T14:24:05.35,2025-08-20T14:24:05.35,,0.0
0097cf39-ddc9-48f7-b1ad-9848058d241b,32217e6f-fa92-4a96-a620-9b25ad9bce6a,2add3aba-7923-43f6-8ee2-699b4e299110,INACTIVE,pay_d3voskkfucc3377n,PIX,2025-08-20T14:24:05.35,2025-08-20T14:24:05.35,,0.0
e813d24c-47de-4fae-9cf2-5b4191c4a1bf,32217e6f-fa92-4a96-a620-9b25ad9bce6a,2add3aba-7923-43f6-8ee2-699b4e299110,INACTIVE,pay_69xmcj2x1p27ilby,PIX,2025-08-20T14:24:05.35,2025-08-20T14:24:05.35,,0.0
9e1611d5-d047-4e08-b9ee-6ec54909c822,32217e6f-fa92-4a96-a620-9b25ad9bce6a,2add3aba-7923-43f6-8ee2-699b4e299110,ACTIVE,pay_uqzqih6m8t0vil9w,PIX,2025-08-20T14:24:05.35,2025-08-20T14:24:05.35,,0.0
cd282097-aa1d-43c9-b0f1-0ca340a9f92a,bef47159-622e-4c98-82c1-3d9ea6b8c642,2add3aba-7923-43f6-8ee2-699b4e299110,ACTIVE,pay_r1g5cqtr8hgvp67b,CREDIT_CARD,2025-08-20T14:24:05.35,2025-08-20T14:24:05.35,,0.0
b4d2d418-f145-48df-abb6-bb8edf738a29,3225a5f8-b91a-43e8-a5f3-e63d6fbe50bc,2add3aba-7923-43f6-8ee2-699b4e299110,ACTIVE,pay_fc10whmhit7k1izb,CREDIT_CARD,2025-08-20T14:24:05.35,2025-08-20T14:24:05.35,,0.0
4e6c84cd-3419-4ee8-939a-afe9a168a302,52733dd7-3606-474f-8ec5-e8a4413c6aa9,2add3aba-7923-43f6-8ee2-699b4e299110,ACTIVE,pay_i1phop571ww1xzy6,PIX,2025-08-20T14:24:05.35,2025-08-20T14:24:05.35,,0.0
636261d7-b49f-4b34-a3a0-404f6ab57fdc,aec0b730-0063-412a-a076-84d8ac1c84bd,2add3aba-7923-43f6-8ee2-699b4e299110,INACTIVE,pay_4cc6v6rtivlq06oi,PIX,2025-08-20T14:24:05.35,2025-08-20T14:24:05.35,,0.0
e14438f8-f15d-426a-a9ce-4e7348d06a08,aec0b730-0063-412a-a076-84d8ac1c84bd,2add3aba-7923-43f6-8ee2-699b4e299110,INACTIVE,pay_ktzrvcfp6ep4mhcy,PIX,2025-08-20T14:24:05.35,2025-08-20T14:24:05.35,,0.0
e852a667-a791-4b6c-bd39-b3b36af4fb7d,82c42ae9-a654-4adf-87d0-f6237cdbb225,2add3aba-7923-43f6-8ee2-699b4e299110,ACTIVE,pay_eoq7yq64k46z8fyg,PIX,2025-08-20T14:24:05.35,2025-08-20T14:24:05.35,,0.0
37a5cf6a-2af5-47ef-bdfb-e19dd7592bab,b86a4023-623c-4976-a379-92a828f8cf30,2add3aba-7923-43f6-8ee2-699b4e299110,ACTIVE,pay_vzmqg36vnnhe7lvl,PIX,2025-08-20T14:24:05.35,2025-08-20T14:24:05.35,,0.0
61ddd0ab-642c-470e-8d17-7bfece7a0ce1,4b7ba819-8598-46d3-b419-85e0d9947111,2add3aba-7923-43f6-8ee2-699b4e299110,ACTIVE,pay_z8wbw6zk9xft3ima,PIX,2025-08-20T14:24:05.35,2025-08-20T14:24:05.35,,0.0
21ffdda7-6c6f-4906-8d51-ba806d4e065a,aec0b730-0063-412a-a076-84d8ac1c84bd,01146fd4-43f3-4814-b573-963ac0864017,INACTIVE,pay_dmf5dbs4lx2hkvjc,PIX,2025-08-20T14:24:05.35,2025-08-20T14:24:05.35,,0.0
f70cb34f-fbcf-44a7-8441-20562a73ba81,6ee290a6-4130-4336-be24-5c8436af07b3,01146fd4-43f3-4814-b573-963ac0864017,ACTIVE,pay_rmt22ctvuee3zq8p,CREDIT_CARD,2025-08-20T14:24:05.35,2025-08-20T14:24:05.35,,0.0
0b1821f5-d54e-44eb-b1fb-c83c212db9fd,98750556-7530-421d-a98c-b913694a373f,01146fd4-43f3-4814-b573-963ac0864017,ACTIVE,pay_b0dfswiiraobd4h7,PIX,2025-08-20T14:24:05.35,2025-08-20T14:24:05.35,,0.0
fbd8b382-376a-4a47-a156-081533345803,494ac9e8-c44c-4626-ae45-446e87ac3bff,01146fd4-43f3-4814-b573-963ac0864017,INACTIVE,pay_o0ev3lp0o6q05qpr,PIX,2025-08-20T14:24:05.35,2025-08-20T14:24:05.35,,0.0
b6b3828d-45b0-4ad3-bd0b-bbeb24cab853,494ac9e8-c44c-4626-ae45-446e87ac3bff,01146fd4-43f3-4814-b573-963ac0864017,ACTIVE,pay_9uw0qqkopme6rt8f,PIX,2025-08-20T14:24:05.35,2025-08-20T14:24:05.35,,0.0
71186c53-a3b6-4a1a-a796-486913488f9f,aec0b730-0063-412a-a076-84d8ac1c84bd,01146fd4-43f3-4814-b573-963ac0864017,INACTIVE,pay_4vg6zp0gla1n2d94,PIX,2025-08-20T14:24:05.35,2025-08-20T14:24:05.35,,0.0
15813558-0f63-49dd-8cf0-1c787199b570,8bea236b-9bc9-42f9-8d29-fb55172ac1a9,01146fd4-43f3-4814-b573-963ac0864017,INACTIVE,pay_cukanzz0f21pdl6d,PIX,2025-08-20T14:24:05.35,2025-08-20T14:24:05.35,,0.0
d43fa6a7-65f3-4160-86a6-daa943ac8412,8bea236b-9bc9-42f9-8d29-fb55172ac1a9,01146fd4-43f3-4814-b573-963ac0864017,INACTIVE,pay_qhdwcscv6riyp48r,PIX,2025-08-20T14:24:05.35,2025-08-20T14:24:05.35,,0.0
db0b9398-9e4c-45b4-bc75-b38b22dc9826,8bea236b-9bc9-42f9-8d29-fb55172ac1a9,01146fd4-43f3-4814-b573-963ac0864017,INACTIVE,pay_pm7rspbeu3ytyupl,PIX,2025-08-20T14:24:05.35,2025-08-20T14:24:05.35,,0.0
93b51b67-f23d-4f09-87a1-ec0833f31f30,8bea236b-9bc9-42f9-8d29-fb55172ac1a9,01146fd4-43f3-4814-b573-963ac0864017,ACTIVE,pay_yf4zjjgr189km2la,PIX,2025-08-20T14:24:05.35,2025-08-20T14:24:05.35,,0.0
fc797d6c-24be-42cb-aa8e-bf025950ca69,52733dd7-3606-474f-8ec5-e8a4413c6aa9,01146fd4-43f3-4814-b573-963ac0864017,ACTIVE,pay_0y8iffxsaa8ol8by,PIX,2025-08-20T14:24:05.35,2025-08-20T14:24:05.35,,0.0
2d48e30a-62e7-43f3-8dad-e705040be1d0,75cd5cbd-7099-496b-a9dd-a36a78f2d035,01146fd4-43f3-4814-b573-963ac0864017,ACTIVE,pay_yu4pcioubj9j1zw6,PIX,2025-08-20T14:24:05.35,2025-08-20T14:24:05.35,,0.0
50181d37-ad2d-4f19-a499-5f4a08830dae,82c42ae9-a654-4adf-87d0-f6237cdbb225,01146fd4-43f3-4814-b573-963ac0864017,ACTIVE,pay_jc2l38ocpe75ags7,PIX,2025-08-20T14:24:05.35,2025-08-20T14:24:05.35,,0.0
15b76887-e4ca-4f66-9681-8a943274ef38,5f1fd36c-bdac-40e6-a891-f57f399369e5,01146fd4-43f3-4814-b573-963ac0864017,ACTIVE,pay_wazp7vee64xlawkm,CREDIT_CARD,2025-08-20T14:24:05.35,2025-08-20T14:24:05.35,,0.0
1c3c0fc5-8f85-4ddc-8e63-a40efa1d5e28,3c504dd1-9e59-40ea-80d3-99c01b77c6a1,01146fd4-43f3-4814-b573-963ac0864017,ACTIVE,pay_rv1mf503wtws3id7,PIX,2025-08-20T14:24:05.35,2025-08-20T14:24:05.35,,0.0
4d047450-4543-4682-97a4-e67a7c8854ef,aec0b730-0063-412a-a076-84d8ac1c84bd,01146fd4-43f3-4814-b573-963ac0864017,INACTIVE,pay_tsj5h8yrg5si04cy,PIX,2025-08-20T14:24:05.35,2025-08-20T14:24:05.35,,0.0
22ca3c81-2ff0-4841-a985-e904653e959a,aec0b730-0063-412a-a076-84d8ac1c84bd,01146fd4-43f3-4814-b573-963ac0864017,INACTIVE,pay_pdfhw48vyb1m28d7,PIX,2025-08-20T14:24:05.35,2025-08-20T14:24:05.35,,0.0
d6e400f0-74e2-4f48-b7a6-8f315590157b,5f1fd36c-bdac-40e6-a891-f57f399369e5,2add3aba-7923-43f6-8ee2-699b4e299110,ACTIVE,pay_d6xh8w21kbtja8da,CREDIT_CARD,2025-08-20T14:24:05.35,2025-08-20T14:24:05.35,,0.0
134bbbbd-a27a-42e2-88dd-0244ea817fb4,eed92c85-3e9c-4cf6-b457-6ca9d0e056ad,01146fd4-43f3-4814-b573-963ac0864017,ACTIVE,pay_nqabsj93xmy7ync0,CREDIT_CARD,2025-08-20T14:24:05.35,2025-08-20T14:24:05.35,,0.0
ca89398b-3fe2-43b5-93de-36ab9c79314f,5f1fd36c-bdac-40e6-a891-f57f399369e5,2add3aba-7923-43f6-8ee2-699b4e299110,ACTIVE,pay_cjsyqj59mjiowrda,PIX,2025-08-20T14:24:05.35,2025-08-20T14:24:05.35,,0.0
94bb592c-a4ab-4800-b177-cc98cf79b393,eed92c85-3e9c-4cf6-b457-6ca9d0e056ad,01146fd4-43f3-4814-b573-963ac0864017,ACTIVE,pay_iwepir30vvuh6trg,PIX,2025-08-20T14:24:05.35,2025-08-20T14:24:05.35,,0.0
bb6f15cf-b412-4b5c-b3c0-d6099f15a6e2,61cea232-1100-4cf8-926f-e4a364243d4c,01146fd4-43f3-4814-b573-963ac0864017,INACTIVE,pay_mm2de9150of959fp,PIX,2025-08-20T14:24:05.35,2025-08-20T14:24:05.35,,0.0
eee89377-21b3-4a88-a557-bf2ef24608fd,61cea232-1100-4cf8-926f-e4a364243d4c,01146fd4-43f3-4814-b573-963ac0864017,INACTIVE,pay_de8kz0no2cnzgzlc,PIX,2025-08-20T14:24:05.35,2025-08-20T14:24:05.35,,0.0
c50be30b-1b62-4cc2-8ec1-77a2a3f78a7f,61cea232-1100-4cf8-926f-e4a364243d4c,01146fd4-43f3-4814-b573-963ac0864017,INACTIVE,pay_k4vh3crdtfs8xkfm,PIX,2025-08-20T14:24:05.35,2025-08-20T14:24:05.35,,0.0
d1f7756c-364c-40fe-a654-3f34667c5b02,61cea232-1100-4cf8-926f-e4a364243d4c,01146fd4-43f3-4814-b573-963ac0864017,INACTIVE,pay_hay2k4w18fcosb9i,PIX,2025-08-20T14:24:05.35,2025-08-20T14:24:05.35,,0.0
e18e5f6d-416d-46ef-9c1c-3c6c3e6610e9,61cea232-1100-4cf8-926f-e4a364243d4c,01146fd4-43f3-4814-b573-963ac0864017,INACTIVE,pay_1t70lqy2n29hvo7h,PIX,2025-08-20T14:24:05.35,2025-08-20T14:24:05.35,,0.0
b748b4b1-83a7-4d36-b82b-a2433b8d18de,61cea232-1100-4cf8-926f-e4a364243d4c,01146fd4-43f3-4814-b573-963ac0864017,INACTIVE,pay_mp0qv4l19c2y7tco,PIX,2025-08-20T14:24:05.35,2025-08-20T14:24:05.35,,0.0
ac1959f4-f3de-45fd-a8c9-288cc4b9b614,61cea232-1100-4cf8-926f-e4a364243d4c,01146fd4-43f3-4814-b573-963ac0864017,INACTIVE,pay_neju2rqfc2k83sq4,PIX,2025-08-20T14:24:05.35,2025-08-20T14:24:05.35,,0.0
30cec8fc-43ce-42b9-9ade-9f6cd7d6efe6,61cea232-1100-4cf8-926f-e4a364243d4c,01146fd4-43f3-4814-b573-963ac0864017,INACTIVE,pay_9ovyugduzxz8eyar,PIX,2025-08-20T14:24:05.35,2025-08-20T14:24:05.35,,0.0
b1069cea-24f3-4566-a201-1dd5034d44fa,61cea232-1100-4cf8-926f-e4a364243d4c,01146fd4-43f3-4814-b573-963ac0864017,INACTIVE,pay_eanzm61s0bf7sbi3,PIX,2025-08-20T14:24:05.35,2025-08-20T14:24:05.35,,0.0
2fe234b8-e733-4183-89cd-ed95b66742be,61cea232-1100-4cf8-926f-e4a364243d4c,01146fd4-43f3-4814-b573-963ac0864017,INACTIVE,pay_7c9scqdpf4wpb5z1,PIX,2025-08-20T14:24:05.35,2025-08-20T14:24:05.35,,0.0
81c13f92-75db-4bf0-9a0a-f7f47ed341b1,61cea232-1100-4cf8-926f-e4a364243d4c,01146fd4-43f3-4814-b573-963ac0864017,ACTIVE,pay_axut9k34hydiotod,CREDIT_CARD,2025-08-20T14:24:05.35,2025-08-20T14:24:05.35,,0.0
44f8170b-1517-4e6a-942c-dadab43589eb,61cea232-1100-4cf8-926f-e4a364243d4c,01146fd4-43f3-4814-b573-963ac0864017,ACTIVE,pay_sneq33x8rx9goqbj,PIX,2025-08-20T14:24:05.35,2025-08-20T14:24:05.35,,0.0
8444d26e-8632-49bc-a15b-fb3bfdf5e8f9,61cea232-1100-4cf8-926f-e4a364243d4c,01146fd4-43f3-4814-b573-963ac0864017,ACTIVE,pay_4yao769b71idsmvf,PIX,2025-08-20T14:24:05.35,2025-08-20T14:24:05.35,,0.0
48d01b6b-8429-4913-9e86-230f3aaf821f,61cea232-1100-4cf8-926f-e4a364243d4c,01146fd4-43f3-4814-b573-963ac0864017,ACTIVE,pay_jpbfeeui1oqq1t7h,PIX,2025-08-20T14:24:05.35,2025-08-20T14:24:05.35,,0.0
b17291b3-fd68-4ea7-93a1-455ba182b4b6,15514c51-45f2-478b-aa2d-2fc57a2b31c1,01146fd4-43f3-4814-b573-963ac0864017,ACTIVE,pay_hymghzsnqs8706vp,PIX,2025-08-20T14:24:05.35,2025-08-20T14:24:05.35,,0.0
b12c076c-506d-4ae4-9fde-2a15bd113595,721362b2-ff71-4010-86b3-c4062a7ac83e,01146fd4-43f3-4814-b573-963ac0864017,ACTIVE,pay_476fvaui11ddw9ff,PIX,2025-08-20T14:24:05.35,2025-08-20T14:24:05.35,,0.0
bb44f67e-f96c-4808-84a0-5312e33851bc,ccaa6c0f-c586-42be-8662-13bbff73bc67,01146fd4-43f3-4814-b573-963ac0864017,INACTIVE,pay_smrd0jxhihu46lvh,PIX,2025-08-20T14:24:05.35,2025-08-20T14:24:05.35,,0.0
39f24eac-e9cc-4924-9ce1-fd3b42119d9b,ccaa6c0f-c586-42be-8662-13bbff73bc67,01146fd4-43f3-4814-b573-963ac0864017,INACTIVE,pay_6dayqlz0l9y3fjfg,PIX,2025-08-20T14:24:05.35,2025-08-20T14:24:05.35,,0.0
a7b9e7f7-e5c2-418e-8739-5ed7b5f2751e,ccaa6c0f-c586-42be-8662-13bbff73bc67,01146fd4-43f3-4814-b573-963ac0864017,INACTIVE,pay_migcefuivjwbfilz,PIX,2025-08-20T14:24:05.35,2025-08-20T14:24:05.35,,0.0
2416d86f-05c0-4555-990f-76449f82b967,ccaa6c0f-c586-42be-8662-13bbff73bc67,01146fd4-43f3-4814-b573-963ac0864017,INACTIVE,pay_23hor294hojcpvvp,PIX,2025-08-20T14:24:05.35,2025-08-20T14:24:05.35,,0.0
90c1a9a1-8c32-4e4c-916d-df3f44fca3e2,ccaa6c0f-c586-42be-8662-13bbff73bc67,01146fd4-43f3-4814-b573-963ac0864017,INACTIVE,pay_iv5lrrj8anzkbc6t,PIX,2025-08-20T14:24:05.35,2025-08-20T14:24:05.35,,0.0
04183fc0-1fb7-46b0-b87c-73def1601f51,ccaa6c0f-c586-42be-8662-13bbff73bc67,01146fd4-43f3-4814-b573-963ac0864017,INACTIVE,pay_niwfw9jak647j51p,PIX,2025-08-20T14:24:05.35,2025-08-20T14:24:05.35,,0.0
62bf7fe7-5a3d-4942-aa20-38d09ddf309a,ccaa6c0f-c586-42be-8662-13bbff73bc67,01146fd4-43f3-4814-b573-963ac0864017,INACTIVE,pay_disps8s698z2mddf,PIX,2025-08-20T14:24:05.35,2025-08-20T14:24:05.35,,0.0
536ce5ff-a886-44d7-8f05-0a3ec1ed71df,ccaa6c0f-c586-42be-8662-13bbff73bc67,01146fd4-43f3-4814-b573-963ac0864017,INACTIVE,pay_x42fwsmckawldclw,PIX,2025-08-20T14:24:05.35,2025-08-20T14:24:05.35,,0.0
04a3e208-eb8b-4d77-b488-7060953d60a5,ccaa6c0f-c586-42be-8662-13bbff73bc67,01146fd4-43f3-4814-b573-963ac0864017,INACTIVE,pay_rh3qei12kr2rmr1b,PIX,2025-08-20T14:24:05.35,2025-08-20T14:24:05.35,,0.0
4dc30306-443e-4c19-ba38-3eb204841569,ccaa6c0f-c586-42be-8662-13bbff73bc67,01146fd4-43f3-4814-b573-963ac0864017,INACTIVE,pay_p51yvdj36o9409jr,PIX,2025-08-20T14:24:05.35,2025-08-20T14:24:05.35,,0.0
0a53b0d7-127b-4a54-a39a-960353a78ff7,ccaa6c0f-c586-42be-8662-13bbff73bc67,01146fd4-43f3-4814-b573-963ac0864017,INACTIVE,pay_1hxxwnovan3kxi4m,PIX,2025-08-20T14:24:05.35,2025-08-20T14:24:05.35,,0.0
0bbf87c6-ad99-43a8-9dc8-bb514d505d44,ccaa6c0f-c586-42be-8662-13bbff73bc67,01146fd4-43f3-4814-b573-963ac0864017,INACTIVE,pay_zehd1yrfz8pqpni5,PIX,2025-08-20T14:24:05.35,2025-08-20T14:24:05.35,,0.0
65878699-7af4-4adb-807b-397068892275,ccaa6c0f-c586-42be-8662-13bbff73bc67,01146fd4-43f3-4814-b573-963ac0864017,INACTIVE,pay_05jw2508iwh54qs9,PIX,2025-08-20T14:24:05.35,2025-08-20T14:24:05.35,,0.0
30935a4e-7407-434a-8901-d2bbe187314c,ccaa6c0f-c586-42be-8662-13bbff73bc67,01146fd4-43f3-4814-b573-963ac0864017,ACTIVE,pay_6orlkzvrl5prnro8,PIX,2025-08-20T14:24:05.35,2025-08-20T14:24:05.35,,0.0
13552364-9d62-4eba-8235-3b07d6bd570d,ccaa6c0f-c586-42be-8662-13bbff73bc67,01146fd4-43f3-4814-b573-963ac0864017,ACTIVE,pay_umqbh4loaqikeony,PIX,2025-08-20T14:24:05.35,2025-08-20T14:24:05.35,,0.0
6bdc50ba-7dd5-4c78-aba6-b4966b265d2b,c0e35808-bc4b-41ff-ba98-4885ace74349,2add3aba-7923-43f6-8ee2-699b4e299110,INACTIVE,pay_r4qq6xjovr5wr3la,PIX,2025-08-20T14:24:05.35,2025-08-20T14:24:05.35,,0.0
f4698a81-871e-4e2e-9f37-4a1005f849e9,c0e35808-bc4b-41ff-ba98-4885ace74349,01146fd4-43f3-4814-b573-963ac0864017,ACTIVE,pay_whdifa7jxjld0w3f,PIX,2025-08-20T14:24:05.35,2025-08-20T14:24:05.35,,0.0
b9dcd3c0-d6be-47c5-920a-6c3e849f3d5d,dda92bac-eedb-4b5d-af7b-15ece8511ab7,01146fd4-43f3-4814-b573-963ac0864017,ACTIVE,pay_hj2lvtzn4qdq4cpb,PIX,2025-08-20T14:24:05.35,2025-08-20T14:24:05.35,,0.0
c99aa894-f631-468c-b46e-74fce5a8ce74,cf4bbfa0-4116-4a71-ab53-15f3e9a6d5f4,01146fd4-43f3-4814-b573-963ac0864017,ACTIVE,pay_m55rbdc2rfu52nkt,PIX,2025-08-20T14:24:05.35,2025-08-20T14:24:05.35,,0.0
7623da87-4341-4866-9cd7-fb392a42ed12,c0e35808-bc4b-41ff-ba98-4885ace74349,2add3aba-7923-43f6-8ee2-699b4e299110,ACTIVE,pay_5s4d6a6lat6wtpla,PIX,2025-08-20T14:24:05.35,2025-08-20T14:24:05.35,,0.0
bcaae3cd-4929-4b8f-a472-07196e6c7593,59dae66d-5fa9-4507-8c1c-9975e3e85648,01146fd4-43f3-4814-b573-963ac0864017,ACTIVE,pay_k9m8f3kpjm5d8yw1,PIX,2025-08-20T14:24:05.35,2025-08-20T14:24:05.35,,0.0
58bf681b-03c4-41c6-9fe2-f1eb16966ae3,59dae66d-5fa9-4507-8c1c-9975e3e85648,2add3aba-7923-43f6-8ee2-699b4e299110,ACTIVE,pay_hpeyp1sgx7kyhriw,PIX,2025-08-20T14:24:05.35,2025-08-20T14:24:05.35,,0.0
29e65589-5d19-436c-b5b5-8133e9735e6c,2d4126a1-13b6-4172-a837-47754e852665,01146fd4-43f3-4814-b573-963ac0864017,ACTIVE,pay_nrc7sbbe4myg354a,PIX,2025-08-20T14:24:05.35,2025-08-20T14:24:05.35,,0.0
72a6e21e-dd28-4a78-bd9f-aa7f64e43ff0,e01b774e-24f8-4b9f-a49d-c217081bbc22,01146fd4-43f3-4814-b573-963ac0864017,ACTIVE,pay_qzkn6qudmnj8imum,PIX,2025-08-20T14:24:05.35,2025-08-20T14:24:05.35,,0.0
208af6d8-a979-49a5-b47c-bd988019166d,3d2c3f9b-d436-41b4-8e06-0de4257b9f1d,01146fd4-43f3-4814-b573-963ac0864017,ACTIVE,pay_9ifgtbifplbls6je,PIX,2025-08-20T14:24:05.35,2025-08-20T14:24:05.35,,0.0
5f3f0953-921c-40ec-a934-d14d35efecd7,3d2c3f9b-d436-41b4-8e06-0de4257b9f1d,2add3aba-7923-43f6-8ee2-699b4e299110,ACTIVE,pay_b4v42z3lssy6v1sh,PIX,2025-08-20T14:24:05.35,2025-08-20T14:24:05.35,,0.0
6d35b046-676c-48c1-bb5c-66c70b90b6bf,398a42ca-e785-4709-9719-ea03b9718a19,01146fd4-43f3-4814-b573-963ac0864017,ACTIVE,pay_009rmmmt6l5c4z3d,PIX,2025-08-20T14:24:05.35,2025-08-20T14:24:05.35,,0.0
6767f907-a899-4671-9f5c-6839ea779a61,8e76464b-46f1-4895-ad67-e8341c471818,01146fd4-43f3-4814-b573-963ac0864017,INACTIVE,pay_gqh292vu7m2m3sum,PIX,2025-08-20T14:24:05.35,2025-08-20T14:24:05.35,,0.0
8e262132-c4fa-48f4-84d5-351548584828,8e76464b-46f1-4895-ad67-e8341c471818,01146fd4-43f3-4814-b573-963ac0864017,ACTIVE,pay_nn73b771qydwze2i,PIX,2025-08-20T14:24:05.35,2025-08-20T14:24:05.35,,0.0
6b983b93-dc41-4112-83e0-95903a2c409c,9a393653-3e22-4bad-91b6-2e1e00319ecd,01146fd4-43f3-4814-b573-963ac0864017,ACTIVE,pay_oqqm5a3ei4eadjeu,CREDIT_CARD,2025-08-20T14:24:05.35,2025-08-20T14:24:05.35,,0.0
42c65c63-2254-4a90-9354-72cd9126846f,79a65896-da42-432b-b23e-e9cafce4f45d,01146fd4-43f3-4814-b573-963ac0864017,ACTIVE,pay_ys8isaonyioqyuno,PIX,2025-08-20T14:24:05.35,2025-08-20T14:24:05.35,,0.0
82e4e9b3-97ab-4180-bf01-636b86cec2a1,809ad04a-3a83-4dfd-b10c-576c1cab3457,01146fd4-43f3-4814-b573-963ac0864017,ACTIVE,pay_rt2j1m6v02odhntn,CREDIT_CARD,2025-08-20T14:24:05.35,2025-08-20T14:24:05.35,,0.0
7bff594c-5f57-4815-ad97-342c1d9dcacd,398a42ca-e785-4709-9719-ea03b9718a19,2add3aba-7923-43f6-8ee2-699b4e299110,ACTIVE,pay_d9rxfex2qt5j2jhd,PIX,2025-08-20T14:24:05.35,2025-08-20T14:24:05.35,,0.0
6d874608-afcf-4c9e-8a21-98a9f429790c,88e0fc52-8d09-4a07-9180-ae1f0550c2a5,01146fd4-43f3-4814-b573-963ac0864017,ACTIVE,pay_j2yh897k94fj5oto,PIX,2025-08-20T14:24:05.35,2025-08-20T14:24:05.35,,0.0
a0ea2367-38ed-4cdb-aab7-b40eed52b8c7,2522d867-3d7f-43b5-812b-ece7d459fc71,647d22df-7a22-46b6-ae3d-c7e2687417dd,INACTIVE,pay_bpq4ons8zim03nxe,PIX,2025-08-20T14:24:05.35,2025-08-20T14:24:05.35,,0.0
ce87e2d6-e05d-4834-9c01-ab37f5b33ad3,96d29685-fbcd-48d1-87aa-ac83184960c3,4fc92686-7e63-41f8-80f7-199c66269dba,ACTIVE,Payment with point,POINTS,2025-08-20T14:24:05.35,2025-08-20T14:24:05.35,,0.0
0664f3a1-8cf3-4f45-8df3-c6156e16f587,2522d867-3d7f-43b5-812b-ece7d459fc71,647d22df-7a22-46b6-ae3d-c7e2687417dd,ACTIVE,pay_eeewrsp9e3fvowzt,PIX,2025-08-20T14:24:05.35,2025-08-20T14:24:05.35,,0.0
b04db74f-1dec-4f34-aa20-8f2a21d0455d,8bea236b-9bc9-42f9-8d29-fb55172ac1a9,5ccbc285-40a3-4fcd-a4df-f7a73aaf3c2c,ACTIVE,pay_br2lh4wbljes0ne9,PIX,2025-08-20T14:24:05.35,2025-08-20T14:24:05.35,,0.0
a318f7e1-34c9-44e8-8b7e-7743eda9ebd3,beb0b2a2-e504-47c7-b3c0-59e90d62b885,4fc92686-7e63-41f8-80f7-199c66269dba,ACTIVE,Payment with point,POINTS,2025-08-20T14:24:05.35,2025-08-20T14:24:05.35,,0.0
af5a18d8-761e-452f-9cf9-5babe6365e87,8bea236b-9bc9-42f9-8d29-fb55172ac1a9,4fc92686-7e63-41f8-80f7-199c66269dba,ACTIVE,Payment with point,POINTS,2025-08-20T14:24:05.35,2025-08-20T14:24:05.35,,0.0
1023467e-e6a5-4367-af91-151b00174863,e8da827c-1b02-4b82-af81-8080e1278676,5ccbc285-40a3-4fcd-a4df-f7a73aaf3c2c,ACTIVE,pay_0q4i6pv3axadqodo,PIX,2025-08-20T14:24:05.35,2025-08-20T14:24:05.35,,0.0
ee477a22-9bab-47a8-9dcb-f86241d270b9,5f1fd36c-bdac-40e6-a891-f57f399369e5,647d22df-7a22-46b6-ae3d-c7e2687417dd,INACTIVE,pay_7xpq5wj2g4x084zv,PIX,2025-08-20T14:24:05.35,2025-08-20T14:24:05.35,,0.0
e2682c70-ee04-4ec7-9c44-969cd19b614c,5f1fd36c-bdac-40e6-a891-f57f399369e5,647d22df-7a22-46b6-ae3d-c7e2687417dd,ACTIVE,pay_44teb5ssy35o6h6s,PIX,2025-08-20T14:24:05.35,2025-08-20T14:24:05.35,,0.0
23c249e1-c6b5-4117-9fed-28f0aa1d3684,6ca85964-7863-437d-9c6d-f10f6e8f2f0d,4fc92686-7e63-41f8-80f7-199c66269dba,ACTIVE,Payment with point,POINTS,2025-08-20T14:24:05.35,2025-08-20T14:24:05.35,,0.0
af2089b5-5faa-4757-81a4-338811c3f182,da904a63-6d0d-4900-85c9-573958a33c84,4fc92686-7e63-41f8-80f7-199c66269dba,ACTIVE,Payment with point,POINTS,2025-08-20T14:24:05.35,2025-08-20T14:24:05.35,,0.0
a1b3524e-5c53-49e9-9d0e-49f28b237178,5f1fd36c-bdac-40e6-a891-f57f399369e5,4fc92686-7e63-41f8-80f7-199c66269dba,ACTIVE,Payment with point,POINTS,2025-08-20T14:24:05.35,2025-08-20T14:24:05.35,,0.0
7f0f72ed-132f-4476-bc69-359e3f40d6d7,6806d542-2415-4390-8fd4-b8748f5e32ed,01146fd4-43f3-4814-b573-963ac0864017,ACTIVE,pay_vlluu7o8lf8d9a8g,CREDIT_CARD,2025-08-20T14:24:05.35,2025-08-20T14:24:05.35,,0.0
ae3d995b-4340-4d71-a7ca-a503141be2f2,dda92bac-eedb-4b5d-af7b-15ece8511ab7,4fc92686-7e63-41f8-80f7-199c66269dba,ACTIVE,Payment with point,POINTS,2025-08-20T14:24:05.35,2025-08-20T14:24:05.35,,0.0
4fd11dc0-4c15-4e0d-89e3-346784f83810,dda92bac-eedb-4b5d-af7b-15ece8511ab7,647d22df-7a22-46b6-ae3d-c7e2687417dd,INACTIVE,pay_4vzq0uybgyd410zk,PIX,2025-08-20T14:24:05.35,2025-08-20T14:24:05.35,,0.0
6cf6b5cf-6cc7-432a-b4e9-454c954f6be1,a7d6f95b-7667-4c37-ab2f-963113cea92a,5ccbc285-40a3-4fcd-a4df-f7a73aaf3c2c,ACTIVE,pay_pixb9i0dk7kmqkna,PIX,2025-08-20T14:24:05.35,2025-08-20T14:24:05.35,,0.0
4a09502d-273d-4376-93a9-7c06a458fee8,aec0b730-0063-412a-a076-84d8ac1c84bd,4fc92686-7e63-41f8-80f7-199c66269dba,ACTIVE,FREE_BOOST,POINTS,2025-08-20T14:24:05.35,2025-08-20T14:24:05.35,,0.0
db53dc8d-dd9d-4c4e-81f5-84f94b975d5b,0d45be66-ed3a-48ef-940e-87fe8e792c94,4fc92686-7e63-41f8-80f7-199c66269dba,ACTIVE,FREE_BOOST,POINTS,2025-08-20T14:24:05.35,2025-08-20T14:24:05.35,,0.0
6e49d9fb-b5c5-49ea-83c8-d0ec624491ce,3c950ea8-e015-41a3-8fd4-e2cc4afbe885,4fc92686-7e63-41f8-80f7-199c66269dba,ACTIVE,FREE_BOOST,POINTS,2025-08-20T14:24:05.35,2025-08-20T14:24:05.35,,0.0
bd7b054d-7a42-493e-ac1f-539b215d2afa,0eefb7f5-b2db-4c9e-bec0-4cb13dc92916,4fc92686-7e63-41f8-80f7-199c66269dba,ACTIVE,FREE_BOOST,POINTS,2025-08-20T14:24:05.35,2025-08-20T14:24:05.35,,0.0
9d85e936-c0ce-4776-8c35-50d6acdec6a8,61c6cea6-93f9-4510-940b-8f20c2b7b628,4fc92686-7e63-41f8-80f7-199c66269dba,ACTIVE,FREE_BOOST,POINTS,2025-08-20T14:24:05.35,2025-08-20T14:24:05.35,,0.0
43d4d3d0-a50f-4b9d-b302-8d6b88855a85,385b17c0-96d8-43e2-bda6-62fdd682882c,4fc92686-7e63-41f8-80f7-199c66269dba,ACTIVE,FREE_BOOST,POINTS,2025-08-20T14:24:05.35,2025-08-20T14:24:05.35,,0.0
1848bcaf-5fc2-4d99-9a42-c1b84504b270,acbb6397-fb2a-4478-bac0-8ca0beb2376d,4fc92686-7e63-41f8-80f7-199c66269dba,ACTIVE,FREE_BOOST,POINTS,2025-08-20T14:24:05.35,2025-08-20T14:24:05.35,,0.0
ce18a378-399f-4900-a9b6-42c84d52b4ef,f32f7a97-4792-421d-8752-68a6019b5dc5,4fc92686-7e63-41f8-80f7-199c66269dba,ACTIVE,FREE_BOOST,POINTS,2025-08-20T14:24:05.35,2025-08-20T14:24:05.35,,0.0
87a0d289-23b7-45ec-a2ac-e8b443795cb4,3225a5f8-b91a-43e8-a5f3-e63d6fbe50bc,4fc92686-7e63-41f8-80f7-199c66269dba,ACTIVE,FREE_BOOST,POINTS,2025-08-20T14:24:05.35,2025-08-20T14:24:05.35,,0.0
8af95271-ab1a-4532-86f6-f80e14a0a27e,3225a5f8-b91a-43e8-a5f3-e63d6fbe50bc,5ccbc285-40a3-4fcd-a4df-f7a73aaf3c2c,ACTIVE,pay_4dxescxvpf7pikf1,CREDIT_CARD,2025-08-20T14:24:05.35,2025-08-20T14:24:05.35,,0.0
7af2d1b5-56cd-4d3b-a013-c2d175033e6f,f12f8e63-4ffa-47cb-a67c-2aace3bb9bcb,4fc92686-7e63-41f8-80f7-199c66269dba,ACTIVE,FREE_BOOST,POINTS,2025-08-20T14:24:05.35,2025-08-20T14:24:05.35,,0.0
9860f4b1-3c9b-4030-ba15-9a987a4e3ca3,863f2e91-c6ee-47c8-894e-f6c87fa3e99d,4fc92686-7e63-41f8-80f7-199c66269dba,ACTIVE,FREE_BOOST,POINTS,2025-08-20T14:24:05.35,2025-08-20T14:24:05.35,,0.0
65961cd3-c862-4777-a2a7-e39b4d8b9878,376e5179-834a-46ce-9775-2e5482d5f0c3,4fc92686-7e63-41f8-80f7-199c66269dba,ACTIVE,FREE_BOOST,POINTS,2025-08-20T14:24:05.35,2025-08-20T14:24:05.35,,0.0
8cedc342-18d1-42f0-800e-7abf04cc795b,b35afc75-7620-40c6-9f1d-dc03ceb4b678,4fc92686-7e63-41f8-80f7-199c66269dba,ACTIVE,FREE_BOOST,POINTS,2025-08-20T14:24:05.35,2025-08-20T14:24:05.35,,0.0
1ec6ec43-3ff4-4e66-9c6c-d8486941fcff,3be162df-436b-4c60-9669-a36cc258d1aa,4fc92686-7e63-41f8-80f7-199c66269dba,ACTIVE,FREE_BOOST,POINTS,2025-08-20T14:24:05.35,2025-08-20T14:24:05.35,,0.0
4c61006c-73f7-455a-b9f7-27931e09bb4c,b35afc75-7620-40c6-9f1d-dc03ceb4b678,5ccbc285-40a3-4fcd-a4df-f7a73aaf3c2c,ACTIVE,pay_tm9gjo8500xsti95,PIX,2025-08-20T14:24:05.35,2025-08-20T14:24:05.35,,0.0
104cc5dc-c6e6-4150-97cd-625f46b334c9,aea14467-a491-4c19-9029-f2a2ecc6ac9d,4fc92686-7e63-41f8-80f7-199c66269dba,ACTIVE,FREE_BOOST,POINTS,2025-08-20T14:24:05.35,2025-08-20T14:24:05.35,,0.0
901424ad-50bc-480d-8ad1-42add8012d27,52733dd7-3606-474f-8ec5-e8a4413c6aa9,4fc92686-7e63-41f8-80f7-199c66269dba,ACTIVE,FREE_BOOST,POINTS,2025-08-20T14:24:05.35,2025-08-20T14:24:05.35,,0.0
b99c1392-2483-4b76-bdfc-02e299c757b6,127a12ef-9036-4dc2-a2d3-a7f94df1d925,4fc92686-7e63-41f8-80f7-199c66269dba,ACTIVE,FREE_BOOST,POINTS,2025-08-20T14:24:05.35,2025-08-20T14:24:05.35,,0.0
2b758cbe-b7ac-4bcd-a631-c95dbebd1c6e,c7b5641a-3a0e-470d-92fa-10b03ccfa7c8,01146fd4-43f3-4814-b573-963ac0864017,ACTIVE,pay_f6ygit3el6bnz5e0,CREDIT_CARD,2025-08-20T14:24:05.35,2025-08-20T14:24:05.35,,0.0
6057072c-f94b-4bb1-88af-93b0e4729ab2,82c42ae9-a654-4adf-87d0-f6237cdbb225,4fc92686-7e63-41f8-80f7-199c66269dba,ACTIVE,FREE_BOOST,POINTS,2025-08-20T14:24:05.35,2025-08-20T14:24:05.35,,0.0
c6dbef2e-9546-4551-b140-fa18ccee6daa,b727849b-5805-4c83-a9e0-34dfe8162c25,4fc92686-7e63-41f8-80f7-199c66269dba,ACTIVE,FREE_BOOST,POINTS,2025-08-20T14:24:05.35,2025-08-20T14:24:05.35,,0.0
b2d1f94a-bac6-4f0c-be62-2cff77471017,430ad4a0-90b2-46fe-b7ca-b595e4788b25,4fc92686-7e63-41f8-80f7-199c66269dba,ACTIVE,FREE_BOOST,POINTS,2025-08-20T14:24:05.35,2025-08-20T14:24:05.35,,0.0
9f519969-b02e-4187-9632-1bdabb4eca65,d8ae700c-9996-4918-b298-b5b95eb11474,4fc92686-7e63-41f8-80f7-199c66269dba,ACTIVE,FREE_BOOST,POINTS,2025-08-20T14:24:05.35,2025-08-20T14:24:05.35,,0.0
39e4a5ce-1578-44a7-a614-eb65b44f1ded,578dc6b3-262b-4a92-9592-fe60fcb07310,4fc92686-7e63-41f8-80f7-199c66269dba,ACTIVE,FREE_BOOST,POINTS,2025-08-20T14:24:05.35,2025-08-20T14:24:05.35,,0.0
5808e2bf-0d58-49df-bc4f-6a07255c2ee2,aec0b730-0063-412a-a076-84d8ac1c84bd,6cd36c22-ecd6-4128-b16d-a9bb8eec74b7,INACTIVE,pay_ikg6awcuy6mmplka,PIX,2025-08-20T14:24:05.35,2025-08-20T14:24:05.35,,0.0
157e732f-f5d6-4ab4-a262-a635e6902b65,496630b0-7879-47fd-8f00-4915731cbe8a,6cd36c22-ecd6-4128-b16d-a9bb8eec74b7,ACTIVE,pay_wgptw1pwglcq0v5x,PIX,2025-08-20T14:24:05.35,2025-08-20T14:24:05.35,,0.0
dc883e2e-8190-480b-97ea-48e533345535,714569d9-d561-4565-bd7b-8c69951a6fcb,01146fd4-43f3-4814-b573-963ac0864017,ACTIVE,pay_xofej6nbeox5hfqe,CREDIT_CARD,2025-08-20T14:24:05.35,2025-08-20T14:24:05.35,,0.0
467c84cb-e3f8-4818-82a7-518ffb413814,234c8183-3833-40c5-af48-86d6283d1c5f,4fc92686-7e63-41f8-80f7-199c66269dba,ACTIVE,FREE_BOOST,POINTS,2025-08-20T14:24:05.35,2025-08-20T14:24:05.35,,0.0
1b5d4535-bc43-43dc-9bda-62fdec440dc8,721362b2-ff71-4010-86b3-c4062a7ac83e,4fc92686-7e63-41f8-80f7-199c66269dba,ACTIVE,FREE_BOOST,POINTS,2025-08-20T14:24:05.35,2025-08-20T14:24:05.35,,0.0
f1b8df22-5a7f-4e98-88ed-479e32cf3814,594f65ec-075a-40a7-8b77-d8239989bdfe,647d22df-7a22-46b6-ae3d-c7e2687417dd,ACTIVE,pay_81kxtq66ajbuan8m,PIX,2025-08-20T14:24:05.35,2025-08-20T14:24:05.35,,0.0
4af20e23-f53a-43bc-9cfc-7359d6e37dbd,f88c1a3c-6081-4258-9e3f-6fe691fe0b8d,4fc92686-7e63-41f8-80f7-199c66269dba,ACTIVE,FREE_BOOST,POINTS,2025-08-20T14:24:05.35,2025-08-20T14:24:05.35,,0.0
981bbabc-03d3-49ca-a524-798d60b97588,7920da76-1c5c-4430-a5c9-406268fe0411,4fc92686-7e63-41f8-80f7-199c66269dba,ACTIVE,FREE_BOOST,POINTS,2025-08-20T14:24:05.35,2025-08-20T14:24:05.35,,0.0
02c18a1a-4e81-4fbd-a0d7-29a36504cddd,dd52ffa8-d9a4-4244-9cf0-e6fc35eaffc6,4fc92686-7e63-41f8-80f7-199c66269dba,ACTIVE,FREE_BOOST,POINTS,2025-08-20T14:24:05.35,2025-08-20T14:24:05.35,,0.0
6fb70e5c-8097-48d3-926a-091f04e15f8b,3cd6501c-f6d6-402e-803f-9e36aae7b738,4fc92686-7e63-41f8-80f7-199c66269dba,ACTIVE,FREE_BOOST,POINTS,2025-08-20T14:24:05.35,2025-08-20T14:24:05.35,,0.0
7127b97e-4750-4d11-8318-88ad9cfcea49,ffec2208-2d2b-4206-ae92-4ed5f2cb6930,4fc92686-7e63-41f8-80f7-199c66269dba,ACTIVE,FREE_BOOST,POINTS,2025-08-20T14:24:05.35,2025-08-20T14:24:05.35,,0.0
ac5eda51-c446-4ca0-82b5-f8c8ee8cc5ac,70d2dce1-a13b-448d-87e1-5f92189ccd1a,4fc92686-7e63-41f8-80f7-199c66269dba,ACTIVE,FREE_BOOST,POINTS,2025-08-20T14:24:05.35,2025-08-20T14:24:05.35,,0.0
d636e4d7-5e47-437e-abb6-63d52f5ff8ab,80f851c6-8280-4ac7-9c9a-205a7e6121ce,4fc92686-7e63-41f8-80f7-199c66269dba,ACTIVE,FREE_BOOST,POINTS,2025-08-20T14:24:05.35,2025-08-20T14:24:05.35,,0.0
f9d45674-13aa-49d3-af7a-ab240c756087,d3b0816b-49e5-47b6-b379-caeeb8dec869,4fc92686-7e63-41f8-80f7-199c66269dba,ACTIVE,FREE_BOOST,POINTS,2025-08-20T14:24:05.35,2025-08-20T14:24:05.35,,0.0
f4f9ed98-0a56-423b-beab-9b7e3d2536f9,f7f24227-4622-4dd2-af2b-ef868b074cd4,4fc92686-7e63-41f8-80f7-199c66269dba,ACTIVE,FREE_BOOST,POINTS,2025-08-20T14:24:05.35,2025-08-20T14:24:05.35,,0.0
e02d6d2c-adee-45b4-a474-fa0c0e96ab6e,080e2f07-3a7c-4e29-94ca-a9eabfada3b8,4fc92686-7e63-41f8-80f7-199c66269dba,ACTIVE,FREE_BOOST,POINTS,2025-08-20T14:24:05.35,2025-08-20T14:24:05.35,,0.0
075b5719-3c25-489f-81f3-87ad4ff456c7,3b6270ac-16c0-46a2-95d5-1d62a030ed64,4fc92686-7e63-41f8-80f7-199c66269dba,ACTIVE,FREE_BOOST,POINTS,2025-08-20T14:24:05.35,2025-08-20T14:24:05.35,,0.0
74849c60-1b15-4929-85a3-9d324d749956,c979645a-0b52-4fb5-ac49-5479458ce592,4fc92686-7e63-41f8-80f7-199c66269dba,ACTIVE,FREE_BOOST,POINTS,2025-08-20T14:24:05.35,2025-08-20T14:24:05.35,,0.0
2dee81f9-b902-4b48-9308-3e98b2cb749f,bef47159-622e-4c98-82c1-3d9ea6b8c642,4fc92686-7e63-41f8-80f7-199c66269dba,ACTIVE,FREE_BOOST,POINTS,2025-08-20T14:24:05.35,2025-08-20T14:24:05.35,,0.0
7f31799a-bcbd-4b15-928b-564e7b4e520d,4934b7cc-a277-4401-80bd-22fdef46070b,4fc92686-7e63-41f8-80f7-199c66269dba,ACTIVE,FREE_BOOST,POINTS,2025-08-20T14:24:05.35,2025-08-20T14:24:05.35,,0.0
3a8e7a6f-ace7-4834-b37a-79dc0b2f6859,987a7aad-1ec9-45d5-9168-1ddef9cd1e20,4fc92686-7e63-41f8-80f7-199c66269dba,ACTIVE,FREE_BOOST,POINTS,2025-08-20T14:24:05.35,2025-08-20T14:24:05.35,,0.0
808e939b-2a51-4ce8-85fc-2b4d7215a724,a806ed27-52b0-4bb3-ba5a-e214aeb45c23,4fc92686-7e63-41f8-80f7-199c66269dba,ACTIVE,FREE_BOOST,POINTS,2025-08-20T14:24:05.35,2025-08-20T14:24:05.35,,0.0
d84f55a8-0a34-474b-8f88-83dd8ed15ca7,7b71e5bc-7f30-4001-b142-623e95121eed,4fc92686-7e63-41f8-80f7-199c66269dba,ACTIVE,FREE_BOOST,POINTS,2025-08-20T14:24:05.35,2025-08-20T14:24:05.35,,0.0
556e3e23-cfe8-4b92-88cf-15803051fee4,591e99fb-7dca-451a-8874-fab71414bb47,4fc92686-7e63-41f8-80f7-199c66269dba,ACTIVE,FREE_BOOST,POINTS,2025-08-20T14:24:05.35,2025-08-20T14:24:05.35,,0.0
d1770705-0e6d-4497-92e6-94d04d80463c,11966d39-6ffd-4241-8bfa-785f6619f08f,4fc92686-7e63-41f8-80f7-199c66269dba,ACTIVE,FREE_BOOST,POINTS,2025-08-20T14:24:05.35,2025-08-20T14:24:05.35,,0.0
21ef2afa-d9f5-4da7-ab71-2039ee1af034,6ab32baf-4726-4b5c-aaef-f80d48328c73,4fc92686-7e63-41f8-80f7-199c66269dba,ACTIVE,FREE_BOOST,POINTS,2025-08-20T14:24:05.35,2025-08-20T14:24:05.35,,0.0
0623e0b0-86a6-4ed3-983b-25cd81e3b19b,78945850-fa4b-4761-9d30-9fd0a57f363b,4fc92686-7e63-41f8-80f7-199c66269dba,ACTIVE,FREE_BOOST,POINTS,2025-08-20T14:24:05.35,2025-08-20T14:24:05.35,,0.0
ef3a1122-2e4a-4507-b4d8-5ba8fcca116b,d6edfae6-8159-4768-b602-d78dd5f93756,4fc92686-7e63-41f8-80f7-199c66269dba,ACTIVE,FREE_BOOST,POINTS,2025-08-20T14:24:05.35,2025-08-20T14:24:05.35,,0.0
ce029f82-c80f-4c4d-a4b4-4b0120bb5216,030da91d-5287-4d0d-8d40-bebe93830ce0,4fc92686-7e63-41f8-80f7-199c66269dba,ACTIVE,FREE_BOOST,POINTS,2025-08-20T14:24:05.35,2025-08-20T14:24:05.35,,0.0
3388f4a5-1aab-46fd-a856-ded6edf86253,2c3ae809-0e30-488a-8ffb-0d4d3b80f0d6,4fc92686-7e63-41f8-80f7-199c66269dba,ACTIVE,FREE_BOOST,POINTS,2025-08-20T14:24:05.35,2025-08-20T14:24:05.35,,0.0
f3306741-51fd-4a74-9676-c4fa9958337d,1be92d1d-ce09-4049-aaf0-06bbbe474341,4fc92686-7e63-41f8-80f7-199c66269dba,ACTIVE,FREE_BOOST,POINTS,2025-08-20T14:24:05.35,2025-08-20T14:24:05.35,,0.0
b1634162-13a4-4e36-b2d3-544fa1db11f2,de2a31f8-01a1-4693-9753-340b4ff7075b,4fc92686-7e63-41f8-80f7-199c66269dba,ACTIVE,FREE_BOOST,POINTS,2025-08-20T14:24:05.35,2025-08-20T14:24:05.35,,0.0
b538f891-9100-4a7b-993d-3f28c207e851,75cd5cbd-7099-496b-a9dd-a36a78f2d035,4fc92686-7e63-41f8-80f7-199c66269dba,ACTIVE,FREE_BOOST,POINTS,2025-08-20T14:24:05.35,2025-08-20T14:24:05.35,,0.0
39d4d44e-e4fe-4bab-aa85-00686289185a,30e8216c-c44d-49a8-af04-5eadd7fab08a,4fc92686-7e63-41f8-80f7-199c66269dba,ACTIVE,FREE_BOOST,POINTS,2025-08-20T14:24:05.35,2025-08-20T14:24:05.35,,0.0
7c23b18f-2748-4e34-b693-35e8ad431dbc,67f2caaf-bda2-473f-ba1c-4d78ac2349d7,4fc92686-7e63-41f8-80f7-199c66269dba,ACTIVE,FREE_BOOST,POINTS,2025-08-20T14:24:05.35,2025-08-20T14:24:05.35,,0.0
b51b52b0-51b4-455b-a74d-30579ced635a,32217e6f-fa92-4a96-a620-9b25ad9bce6a,4fc92686-7e63-41f8-80f7-199c66269dba,ACTIVE,FREE_BOOST,POINTS,2025-08-20T14:24:05.35,2025-08-20T14:24:05.35,,0.0
70b08990-09f5-4adf-b761-83d2371ebdce,dda92bac-eedb-4b5d-af7b-15ece8511ab7,5ccbc285-40a3-4fcd-a4df-f7a73aaf3c2c,ACTIVE,pay_wv488k7v7bacufj6,PIX,2025-08-20T14:24:05.35,2025-08-20T14:24:05.35,,0.0
2d2d36a6-cbb2-4675-960b-63e4a1a9bfe6,4fd8c42a-04e3-44a4-b6d5-51c2348b281c,4fc92686-7e63-41f8-80f7-199c66269dba,ACTIVE,FREE_BOOST,POINTS,2025-08-20T14:24:05.35,2025-08-20T14:24:05.35,,0.0
78a0818f-c605-489b-a7db-6cad58b611d7,bef47159-622e-4c98-82c1-3d9ea6b8c642,5ccbc285-40a3-4fcd-a4df-f7a73aaf3c2c,ACTIVE,pay_8hgip4mxaij7icul,PIX,2025-08-20T14:24:05.35,2025-08-20T14:24:05.35,,0.0
37fef553-2feb-4cba-afdb-2c1183311638,c892d9b5-29ab-4a25-bd70-0ce1d0a5b49a,4fc92686-7e63-41f8-80f7-199c66269dba,ACTIVE,FREE_BOOST,POINTS,2025-08-20T14:24:05.35,2025-08-20T14:24:05.35,,0.0
684a3184-196d-43c3-8835-51e2fdbed9bb,59929161-5a06-4859-9418-1078e1a5db93,4fc92686-7e63-41f8-80f7-199c66269dba,ACTIVE,FREE_BOOST,POINTS,2025-08-20T14:24:05.35,2025-08-20T14:24:05.35,,0.0
b88958bd-6974-48df-b4ee-9f7b32027308,e89baa11-aa32-4907-bfed-b5b719a543d7,4fc92686-7e63-41f8-80f7-199c66269dba,ACTIVE,FREE_BOOST,POINTS,2025-08-20T14:24:05.35,2025-08-20T14:24:05.35,,0.0
da3c897b-2d4e-4ea7-97f0-363b961a1512,c2f66027-63db-45c4-aaf9-7967dbc152fb,4fc92686-7e63-41f8-80f7-199c66269dba,ACTIVE,FREE_BOOST,POINTS,2025-08-20T14:24:05.35,2025-08-20T14:24:05.35,,0.0
4808e6c0-cd9f-49dc-95cb-8019b031c89a,7609f302-3e54-49dd-b742-6000ec04ec50,4fc92686-7e63-41f8-80f7-199c66269dba,ACTIVE,FREE_BOOST,POINTS,2025-08-20T14:24:05.35,2025-08-20T14:24:05.35,,0.0
61d6bae5-d652-44c0-9a3b-7ac642cb2fb0,7ae98d6d-1f70-4d9a-94c5-b5905fe8e96f,4fc92686-7e63-41f8-80f7-199c66269dba,ACTIVE,FREE_BOOST,POINTS,2025-08-20T14:24:05.35,2025-08-20T14:24:05.35,,0.0
90d8e0f8-c096-4326-befb-6f4a6ae4d100,68c74e7e-ca4a-4aac-89ed-1c8775735565,4fc92686-7e63-41f8-80f7-199c66269dba,ACTIVE,FREE_BOOST,POINTS,2025-08-20T14:24:05.35,2025-08-20T14:24:05.35,,0.0
6ae789f6-8d5d-41bb-aee6-0c64ecb85c93,14ef2d4c-9f88-460f-bbe9-372f702bdcad,4fc92686-7e63-41f8-80f7-199c66269dba,ACTIVE,FREE_BOOST,POINTS,2025-08-20T14:24:05.35,2025-08-20T14:24:05.35,,0.0
4e91ad2b-2fba-47da-bd6a-11cae9760d1d,2efae5ad-5b9b-4cf0-8191-6ecc89d534b0,4fc92686-7e63-41f8-80f7-199c66269dba,ACTIVE,FREE_BOOST,POINTS,2025-08-20T14:24:05.35,2025-08-20T14:24:05.35,,0.0
09f1176b-2e84-4df5-8c60-235284e71437,c3d8a1f7-8982-4520-8e90-8ae4d0fbff92,4fc92686-7e63-41f8-80f7-199c66269dba,ACTIVE,FREE_BOOST,POINTS,2025-08-20T14:24:05.35,2025-08-20T14:24:05.35,,0.0
5ec2116d-6554-41c4-8328-4d3cd3752f71,01d7c52f-0340-4d02-a94b-a0c71cb4eaf6,4fc92686-7e63-41f8-80f7-199c66269dba,ACTIVE,FREE_BOOST,POINTS,2025-08-20T14:24:05.35,2025-08-20T14:24:05.35,,0.0
1c79d676-fdda-4fd8-a06f-703ced90fda9,d7779569-843c-4656-ab4b-471056ee4c1b,4fc92686-7e63-41f8-80f7-199c66269dba,ACTIVE,FREE_BOOST,POINTS,2025-08-20T14:24:05.35,2025-08-20T14:24:05.35,,0.0
0da5a9f6-9507-40f6-9300-7b269a9466f1,94c6663e-bc26-493d-8d05-8bd3e17a86db,4fc92686-7e63-41f8-80f7-199c66269dba,ACTIVE,FREE_BOOST,POINTS,2025-08-20T14:24:05.35,2025-08-20T14:24:05.35,,0.0
7fb31b92-4149-46b7-9919-4aadff758a9b,0267b7b3-5eac-4484-8ecf-2cfab4bad813,5ccbc285-40a3-4fcd-a4df-f7a73aaf3c2c,ACTIVE,pay_09s77ilrlkdo7fh0,CREDIT_CARD,2025-08-20T14:24:05.35,2025-08-20T14:24:05.35,,0.0
0b44867d-59c7-4072-900e-a7fa38bfee39,b993986d-4cfd-4839-a705-54ab616c4bdd,4fc92686-7e63-41f8-80f7-199c66269dba,ACTIVE,FREE_BOOST,POINTS,2025-08-20T14:24:05.35,2025-08-20T14:24:05.35,,0.0
8d5d8fd0-350b-485b-a901-fd29789625a2,8c4ddc26-f991-4ed1-aa4e-2ebf9f0dcecb,4fc92686-7e63-41f8-80f7-199c66269dba,ACTIVE,FREE_BOOST,POINTS,2025-08-20T14:24:05.35,2025-08-20T14:24:05.35,,0.0
1def423e-f6d4-4693-a86a-449d196d07fc,03f55b4e-570b-4f3d-8b58-36474a812c25,4fc92686-7e63-41f8-80f7-199c66269dba,ACTIVE,FREE_BOOST,POINTS,2025-08-20T14:24:05.35,2025-08-20T14:24:05.35,,0.0
612c6a30-5c7d-417d-8db6-6e17f3216372,dbf0e93b-0c69-46b2-9685-3f7a9eadb5d8,4fc92686-7e63-41f8-80f7-199c66269dba,ACTIVE,FREE_BOOST,POINTS,2025-08-20T14:24:05.35,2025-08-20T14:24:05.35,,0.0
c5a73571-1583-41bf-9ea1-a5395fd5c288,dd7dbb95-8af0-470a-8cdd-3c4ad432d478,4fc92686-7e63-41f8-80f7-199c66269dba,ACTIVE,FREE_BOOST,POINTS,2025-08-20T14:24:05.35,2025-08-20T14:24:05.35,,0.0
59031bff-f88a-46ca-a99a-b34973060ef4,431c5ce3-6733-4231-8da9-ad273fb733f1,4fc92686-7e63-41f8-80f7-199c66269dba,ACTIVE,FREE_BOOST,POINTS,2025-08-20T14:24:05.35,2025-08-20T14:24:05.35,,0.0
bef952c1-7ce0-4b68-b12b-04f2306714d0,6f4d43f4-8b0f-47ea-bc54-db7930111e31,4fc92686-7e63-41f8-80f7-199c66269dba,ACTIVE,FREE_BOOST,POINTS,2025-08-20T14:24:05.35,2025-08-20T14:24:05.35,,0.0
51f28e1b-8cc5-47ea-8e41-3641e0b190d1,1712b5ff-ea41-4137-9c9c-837260fc2feb,4fc92686-7e63-41f8-80f7-199c66269dba,ACTIVE,FREE_BOOST,POINTS,2025-08-20T14:24:05.35,2025-08-20T14:24:05.35,,0.0
b1cf72a6-2640-4c4b-b3c0-b587d205e9d7,09ba946e-9bf8-46f2-aa12-a0a7b7160982,4fc92686-7e63-41f8-80f7-199c66269dba,ACTIVE,FREE_BOOST,POINTS,2025-08-20T14:24:05.35,2025-08-20T14:24:05.35,,0.0
d9ca3c0f-eb2e-4f21-a1e7-cb576a37c63c,793215d3-703e-4966-a2a3-56f7032bdab0,4fc92686-7e63-41f8-80f7-199c66269dba,ACTIVE,FREE_BOOST,POINTS,2025-08-20T14:24:05.35,2025-08-20T14:24:05.35,,0.0
26835675-3b43-40f6-8718-39e00caea2b4,a791e6f9-ec90-4796-806b-552173ec3bde,4fc92686-7e63-41f8-80f7-199c66269dba,ACTIVE,FREE_BOOST,POINTS,2025-08-20T14:24:05.35,2025-08-20T14:24:05.35,,0.0
357b0851-dcf4-46ae-b4cb-0c1d629dee65,bf788192-d8fa-44bf-a4bc-aeb2a3c1b59b,4fc92686-7e63-41f8-80f7-199c66269dba,ACTIVE,FREE_BOOST,POINTS,2025-08-20T14:24:05.35,2025-08-20T14:24:05.35,,0.0
a778c932-1cb8-4dd4-b51a-fe4a3ae872ef,c5d4a028-42d5-4c1e-ab9e-852eb57081bd,4fc92686-7e63-41f8-80f7-199c66269dba,ACTIVE,FREE_BOOST,POINTS,2025-08-20T14:24:05.35,2025-08-20T14:24:05.35,,0.0
521c5916-a9f0-4f51-9146-95d50a6525ab,8e05c1ad-b4d2-4307-9976-0748977238cf,4fc92686-7e63-41f8-80f7-199c66269dba,ACTIVE,FREE_BOOST,POINTS,2025-08-20T14:24:05.35,2025-08-20T14:24:05.35,,0.0
9e70f78c-f962-4f80-933a-40590a607672,237dc586-bf05-4eb5-a4bd-68a52d739545,4fc92686-7e63-41f8-80f7-199c66269dba,ACTIVE,FREE_BOOST,POINTS,2025-08-20T14:24:05.35,2025-08-20T14:24:05.35,,0.0
f4bfccbc-4bbc-4f34-aec0-b88819083980,999e0bbb-440f-41ef-9e0a-45fe1e7ea4fe,4fc92686-7e63-41f8-80f7-199c66269dba,ACTIVE,FREE_BOOST,POINTS,2025-08-20T14:24:05.35,2025-08-20T14:24:05.35,,0.0
d6e26198-64d9-4837-83cd-424e6c0da3d5,fa875a7b-dbe0-4530-885b-3fe83dda05e5,4fc92686-7e63-41f8-80f7-199c66269dba,ACTIVE,FREE_BOOST,POINTS,2025-08-20T14:24:05.35,2025-08-20T14:24:05.35,,0.0
ab9ca106-26ef-483a-b8f8-36abfa61fc13,6b76fee0-8dc2-4494-8897-144ff586bf30,4fc92686-7e63-41f8-80f7-199c66269dba,ACTIVE,FREE_BOOST,POINTS,2025-08-20T14:24:05.35,2025-08-20T14:24:05.35,,0.0
3e1ee27e-d69d-4e40-ba92-1e536eb4022c,28fc8de2-4890-45ba-b0f4-f4c6da857591,4fc92686-7e63-41f8-80f7-199c66269dba,ACTIVE,FREE_BOOST,POINTS,2025-08-20T14:24:05.35,2025-08-20T14:24:05.35,,0.0
586c9c17-4a74-4343-9757-2e6028095e0a,74e67e2c-f8a4-4408-a648-9cf587c09f5a,4fc92686-7e63-41f8-80f7-199c66269dba,ACTIVE,FREE_BOOST,POINTS,2025-08-20T14:24:05.35,2025-08-20T14:24:05.35,,0.0
c198302e-f097-4884-b863-0381ab261139,0106c966-33ef-463e-acb3-fdaf9a848386,4fc92686-7e63-41f8-80f7-199c66269dba,ACTIVE,FREE_BOOST,POINTS,2025-08-20T14:24:05.35,2025-08-20T14:24:05.35,,0.0
501fe4a3-d8d3-4432-b114-fa176429e4b8,b81c9e11-2643-4bac-9d2f-f10238be710c,4fc92686-7e63-41f8-80f7-199c66269dba,ACTIVE,FREE_BOOST,POINTS,2025-08-20T14:24:05.35,2025-08-20T14:24:05.35,,0.0
56d34d0c-19fb-430e-8e33-037855c8cda3,223a8c31-a73d-4e29-b57a-e188d1070646,4fc92686-7e63-41f8-80f7-199c66269dba,ACTIVE,FREE_BOOST,POINTS,2025-08-20T14:24:05.35,2025-08-20T14:24:05.35,,0.0
15032aa0-6e11-40ac-a05b-9c62e6433682,4aa2781f-69a5-4a37-8e6d-d35fd046070e,4fc92686-7e63-41f8-80f7-199c66269dba,ACTIVE,FREE_BOOST,POINTS,2025-08-20T14:24:05.35,2025-08-20T14:24:05.35,,0.0
044f10f5-13c5-427b-bc45-990444b06857,7b57e8a6-0ee3-4ce5-b526-c62cea260c80,4fc92686-7e63-41f8-80f7-199c66269dba,ACTIVE,FREE_BOOST,POINTS,2025-08-20T14:24:05.35,2025-08-20T14:24:05.35,,0.0
91c6376b-19d9-4cb0-a309-6471972f0d8f,85f790da-52cd-4984-b1ae-91d18f9ecac9,4fc92686-7e63-41f8-80f7-199c66269dba,ACTIVE,FREE_BOOST,POINTS,2025-08-20T14:24:05.35,2025-08-20T14:24:05.35,,0.0
b5592617-16dd-49ae-96de-9e7bf2793a0c,7bf2b709-4df8-4fac-abe8-f76669c62f9d,4fc92686-7e63-41f8-80f7-199c66269dba,ACTIVE,FREE_BOOST,POINTS,2025-08-20T14:24:05.35,2025-08-20T14:24:05.35,,0.0
976240c6-2403-4852-aa47-11b8239ff5fb,004a11f4-abc1-4b18-930b-e567df5ca741,4fc92686-7e63-41f8-80f7-199c66269dba,ACTIVE,FREE_BOOST,POINTS,2025-08-20T14:24:05.35,2025-08-20T14:24:05.35,,0.0
43df2779-05e3-4ac4-b73f-770e86112c6d,ccb235af-7011-4c87-a79d-fdebff296c86,4fc92686-7e63-41f8-80f7-199c66269dba,ACTIVE,FREE_BOOST,POINTS,2025-08-20T14:24:05.35,2025-08-20T14:24:05.35,,0.0
51957484-1a4c-4f48-ab91-96b8401a6d9d,ab0a5d6c-167c-4b4f-a94d-e1b849c229b1,4fc92686-7e63-41f8-80f7-199c66269dba,ACTIVE,FREE_BOOST,POINTS,2025-08-20T14:24:05.35,2025-08-20T14:24:05.35,,0.0
a84971ce-736b-4c3f-a03c-c2eb50b58f65,7b7c215c-fc18-47ba-922c-f7aef977cb4a,4fc92686-7e63-41f8-80f7-199c66269dba,ACTIVE,FREE_BOOST,POINTS,2025-08-20T14:24:05.35,2025-08-20T14:24:05.35,,0.0
dd2ad685-22a6-4872-8861-db2bb300be93,0cf88fa0-228a-46df-95d6-17e8f2ac2442,4fc92686-7e63-41f8-80f7-199c66269dba,ACTIVE,FREE_BOOST,POINTS,2025-08-20T14:24:05.35,2025-08-20T14:24:05.35,,0.0
cbdc6be0-9d27-4a4b-adfc-55921009c3d7,2890c37e-d800-42bf-9638-af6845579232,4fc92686-7e63-41f8-80f7-199c66269dba,ACTIVE,FREE_BOOST,POINTS,2025-08-20T14:24:05.35,2025-08-20T14:24:05.35,,0.0
01ec782e-37dd-44e9-a1f7-444253ba0d61,5fe369fd-3a9d-49f4-a906-df6a78c5a11f,4fc92686-7e63-41f8-80f7-199c66269dba,ACTIVE,FREE_BOOST,POINTS,2025-08-20T14:24:05.35,2025-08-20T14:24:05.35,,0.0
adb4ca48-0e17-4ad8-bfbd-410a4a6fc17a,85ba511e-aa28-4294-acaa-627ec6640868,4fc92686-7e63-41f8-80f7-199c66269dba,ACTIVE,FREE_BOOST,POINTS,2025-08-20T14:24:05.35,2025-08-20T14:24:05.35,,0.0
8b611dd6-3e39-4e20-8a09-6872d7352fae,dd1d570f-f91e-4de2-8634-6c2196f2c876,4fc92686-7e63-41f8-80f7-199c66269dba,ACTIVE,FREE_BOOST,POINTS,2025-08-20T14:24:05.35,2025-08-20T14:24:05.35,,0.0
ad532537-19f4-40ea-af92-f546ec58e209,a7b6e230-2aeb-4909-b452-570a53e9db89,4fc92686-7e63-41f8-80f7-199c66269dba,ACTIVE,FREE_BOOST,POINTS,2025-08-20T14:24:05.35,2025-08-20T14:24:05.35,,0.0
3f2f6459-51a1-4a37-a874-cc63dc080dd3,55addd4b-6f6e-4992-a325-a4faf2348872,4fc92686-7e63-41f8-80f7-199c66269dba,ACTIVE,FREE_BOOST,POINTS,2025-08-20T14:24:05.35,2025-08-20T14:24:05.35,,0.0
9fb0d917-9f77-4ca4-a900-4104191ab403,ae303c7a-a3ff-4109-8c43-0eff8d9360cd,4fc92686-7e63-41f8-80f7-199c66269dba,ACTIVE,FREE_BOOST,POINTS,2025-08-20T14:24:05.35,2025-08-20T14:24:05.35,,0.0
1f281b3c-2bad-41de-89b6-51f88dc77d71,98750556-7530-421d-a98c-b913694a373f,4fc92686-7e63-41f8-80f7-199c66269dba,ACTIVE,FREE_BOOST,POINTS,2025-08-20T14:24:05.35,2025-08-20T14:24:05.35,,0.0
e172c90c-502f-4805-b0a2-9ac6ef0c83e7,7920da76-1c5c-4430-a5c9-406268fe0411,5ccbc285-40a3-4fcd-a4df-f7a73aaf3c2c,INACTIVE,pay_prrgk2bgyt04tb7h,PIX,2025-08-20T14:24:05.35,2025-08-20T14:24:05.35,,0.0
7f1c4e9e-8cf1-4716-b599-72b1975e2a43,7920da76-1c5c-4430-a5c9-406268fe0411,5ccbc285-40a3-4fcd-a4df-f7a73aaf3c2c,ACTIVE,pay_i801zwfnnrm5wcqu,PIX,2025-08-20T14:24:05.35,2025-08-20T14:24:05.35,,0.0
f1a8b39d-6f69-40b3-9882-ab6df2776e42,b1d73824-87d0-4408-a84e-54acae8d6578,4fc92686-7e63-41f8-80f7-199c66269dba,ACTIVE,FREE_BOOST,POINTS,2025-08-20T14:24:05.35,2025-08-20T14:24:05.35,,0.0
c5205275-523d-4fb5-851d-baf9bbfaf07d,fe7b62d8-2a5a-461e-b87d-4d2f5033396d,4fc92686-7e63-41f8-80f7-199c66269dba,ACTIVE,FREE_BOOST,POINTS,2025-08-20T14:24:05.35,2025-08-20T14:24:05.35,,0.0
e186409d-4d29-4bff-ae9c-5fb649f19ecc,654ffd40-fcf1-4124-a2e8-0230201b2853,4fc92686-7e63-41f8-80f7-199c66269dba,ACTIVE,FREE_BOOST,POINTS,2025-08-20T14:24:05.35,2025-08-20T14:24:05.35,,0.0
10d9392e-dfbc-4b70-8ca0-0245e4f117e5,44e3a038-4f4c-4e55-86d4-8b4b701c9211,4fc92686-7e63-41f8-80f7-199c66269dba,ACTIVE,FREE_BOOST,POINTS,2025-08-20T14:24:05.35,2025-08-20T14:24:05.35,,0.0
95d2ac3b-0374-4c9d-898e-179a0b884d62,17d1871c-74ad-491b-a034-ee8e443912bb,2add3aba-7923-43f6-8ee2-699b4e299110,INACTIVE,pay_c8w0tzuy8lrejjp8,PIX,2025-08-20T14:24:05.35,2025-08-20T14:24:05.35,,0.0
e81fefe8-295a-46c1-9723-17b5978f7535,04fac541-1323-4e2d-9cd2-c4b0106e7c23,4fc92686-7e63-41f8-80f7-199c66269dba,ACTIVE,FREE_BOOST,POINTS,2025-08-20T14:24:05.35,2025-08-20T14:24:05.35,,0.0
97a33483-bca2-46d6-a819-ed8672b444df,17d1871c-74ad-491b-a034-ee8e443912bb,2add3aba-7923-43f6-8ee2-699b4e299110,ACTIVE,pay_3j5i9c3t3dmh4za0,PIX,2025-08-20T14:24:05.35,2025-08-20T14:24:05.35,,0.0
42ebccec-0af4-4b48-901b-7ac86c9f48ef,17d1871c-74ad-491b-a034-ee8e443912bb,4fc92686-7e63-41f8-80f7-199c66269dba,ACTIVE,FREE_BOOST,POINTS,2025-08-20T14:24:05.35,2025-08-20T14:24:05.35,,0.0
e0c19a35-52a8-4884-9a84-d87f065f7d5b,fdacde3f-7bd5-4ee4-9fac-739372702371,4fc92686-7e63-41f8-80f7-199c66269dba,ACTIVE,FREE_BOOST,POINTS,2025-08-20T14:24:05.35,2025-08-20T14:24:05.35,,0.0
cfe23f99-c33c-4923-b78c-e777c3fb4ba0,5a6643a5-99fb-4864-ac40-12e97b3cd93a,01146fd4-43f3-4814-b573-963ac0864017,ACTIVE,pay_9wt12p3l1g4dzbmn,CREDIT_CARD,2025-08-20T14:24:05.35,2025-08-20T14:24:05.35,,0.0
51181e38-a81b-41ea-9967-0713024c5714,bfa5fe00-366e-432b-8c9b-c63f68eb9eba,4fc92686-7e63-41f8-80f7-199c66269dba,ACTIVE,FREE_BOOST,POINTS,2025-08-20T14:24:05.35,2025-08-20T14:24:05.35,,0.0
81a71503-1743-48d3-8e3d-2aa45fa4b4e0,e725527d-14fd-43ec-b09f-40b8bb3ea69c,4fc92686-7e63-41f8-80f7-199c66269dba,ACTIVE,FREE_BOOST,POINTS,2025-08-20T14:24:05.35,2025-08-20T14:24:05.35,,0.0
1914f59b-381a-4bcd-a861-08ff61493475,b2b9e40a-992b-4456-97c1-77fa439961fb,4fc92686-7e63-41f8-80f7-199c66269dba,ACTIVE,FREE_BOOST,POINTS,2025-08-20T14:24:05.35,2025-08-20T14:24:05.35,,0.0
59045edc-1cd3-457d-9097-0b5343bdf937,580216ca-8b76-4209-bef7-b658ac595fe6,4fc92686-7e63-41f8-80f7-199c66269dba,ACTIVE,FREE_BOOST,POINTS,2025-08-20T14:24:05.35,2025-08-20T14:24:05.35,,0.0
525d31dc-87d7-4834-a748-70985f6ad31f,580216ca-8b76-4209-bef7-b658ac595fe6,5ccbc285-40a3-4fcd-a4df-f7a73aaf3c2c,ACTIVE,pay_d7lkuossqq921xde,CREDIT_CARD,2025-08-20T14:24:05.35,2025-08-20T14:24:05.35,,0.0
f7b3abe9-97af-44ae-aca0-2e0030285bb5,f898c727-967e-4462-a2bc-6092813aaab7,4fc92686-7e63-41f8-80f7-199c66269dba,ACTIVE,FREE_BOOST,POINTS,2025-08-20T14:24:05.35,2025-08-20T14:24:05.35,,0.0
81eade0b-6782-46c7-a5eb-68ced925f42d,39f1f26e-e88b-412b-a80e-cf769f7e7215,4fc92686-7e63-41f8-80f7-199c66269dba,ACTIVE,FREE_BOOST,POINTS,2025-08-20T14:24:05.35,2025-08-20T14:24:05.35,,0.0
81fc1ab3-b9b4-4629-bd15-10fdc4f817c4,eddce1ae-015f-4782-a2ef-ad43b716dfd8,4fc92686-7e63-41f8-80f7-199c66269dba,ACTIVE,FREE_BOOST,POINTS,2025-08-20T14:24:05.35,2025-08-20T14:24:05.35,,0.0
9ef71650-89ad-4bf8-940e-6625ea116e0c,87d25b47-d404-400f-912d-2da48cd23d17,4fc92686-7e63-41f8-80f7-199c66269dba,ACTIVE,FREE_BOOST,POINTS,2025-08-20T14:24:05.35,2025-08-20T14:24:05.35,,0.0
34b558ec-312e-464a-8831-97b634e991c3,286fccf6-57f6-433c-8dd5-a37c1c909a6b,4fc92686-7e63-41f8-80f7-199c66269dba,ACTIVE,FREE_BOOST,POINTS,2025-08-20T14:24:05.35,2025-08-20T14:24:05.35,,0.0
895acd53-9f3c-4134-a80c-0ffae994531a,b357ba0c-61d8-48e0-9e71-3a4d49695f64,4fc92686-7e63-41f8-80f7-199c66269dba,ACTIVE,FREE_BOOST,POINTS,2025-08-20T14:24:05.35,2025-08-20T14:24:05.35,,0.0
6cd601b3-b1e0-4d13-856e-b1474efbe40e,c919f93c-8beb-4ef8-8b0b-a7b9479a5d03,4fc92686-7e63-41f8-80f7-199c66269dba,ACTIVE,FREE_BOOST,POINTS,2025-08-20T14:24:05.35,2025-08-20T14:24:05.35,,0.0
53ccf9fd-2d73-4d60-a956-832dc3bb7f05,e188dfc9-f28c-46eb-8c07-b4b9f97edab9,4fc92686-7e63-41f8-80f7-199c66269dba,ACTIVE,FREE_BOOST,POINTS,2025-08-20T14:24:05.35,2025-08-20T14:24:05.35,,0.0
61c1aac9-d093-42ab-85db-f6e4f39542f7,8fd23757-47e4-477a-947b-bee1b5c6183e,4fc92686-7e63-41f8-80f7-199c66269dba,ACTIVE,FREE_BOOST,POINTS,2025-08-20T14:24:05.35,2025-08-20T14:24:05.35,,0.0
1e99db1d-e5dc-4354-80fc-333743491dd0,07c89eaf-1d31-4aaa-b22e-a66868d60714,4fc92686-7e63-41f8-80f7-199c66269dba,ACTIVE,FREE_BOOST,POINTS,2025-08-20T14:24:05.35,2025-08-20T14:24:05.35,,0.0
275871d4-2986-424f-b36c-18ef12cfcf21,521d7255-251c-4a64-aec6-8dd16ea1eb39,4fc92686-7e63-41f8-80f7-199c66269dba,ACTIVE,FREE_BOOST,POINTS,2025-08-20T14:24:05.35,2025-08-20T14:24:05.35,,0.0
768463a9-1c15-4246-b3f4-5d67a85a3711,dcb4c8ef-cbeb-4748-a6c5-c5d7a1bbc96b,4fc92686-7e63-41f8-80f7-199c66269dba,ACTIVE,FREE_BOOST,POINTS,2025-08-20T14:24:05.35,2025-08-20T14:24:05.35,,0.0
21006091-df68-4416-9049-709e6335cd1a,f783aad2-f7c1-45b3-a22c-08be5bc3fc12,4fc92686-7e63-41f8-80f7-199c66269dba,ACTIVE,FREE_BOOST,POINTS,2025-08-20T14:24:05.35,2025-08-20T14:24:05.35,,0.0
933884f8-24e7-44de-b4b0-3dc2b0da7e06,87a3b767-4c1c-4c09-b804-0e8cd527f4e0,4fc92686-7e63-41f8-80f7-199c66269dba,ACTIVE,FREE_BOOST,POINTS,2025-08-20T14:24:05.35,2025-08-20T14:24:05.35,,0.0
a5f1dfd4-7307-41ab-aa33-6d6298a8e1c8,ec49237b-5ee0-4cbf-9177-ab7f0d002d13,4fc92686-7e63-41f8-80f7-199c66269dba,ACTIVE,FREE_BOOST,POINTS,2025-08-20T14:24:05.35,2025-08-20T14:24:05.35,,0.0
51c9410f-ffa2-44ee-972b-880bbefb4c96,beb7b5de-116b-4693-b8f1-721a951f2a87,4fc92686-7e63-41f8-80f7-199c66269dba,ACTIVE,FREE_BOOST,POINTS,2025-08-20T14:24:05.35,2025-08-20T14:24:05.35,,0.0
c641d0cc-9515-4e3a-9325-da4860ecb086,e0eaf5fd-9e08-4b8d-8d9f-1658722755ee,4fc92686-7e63-41f8-80f7-199c66269dba,ACTIVE,FREE_BOOST,POINTS,2025-08-20T14:24:05.35,2025-08-20T14:24:05.35,,0.0
8047d69f-5f06-4136-8439-66e2439a7551,26c58060-88eb-48d9-9185-97fdb62d1b2c,4fc92686-7e63-41f8-80f7-199c66269dba,ACTIVE,FREE_BOOST,POINTS,2025-08-20T14:24:05.35,2025-08-20T14:24:05.35,,0.0
d2443caa-68da-484a-9e80-bc2f8c007d5c,c4672e4c-5791-4ba8-b3ac-0153093e05fc,4fc92686-7e63-41f8-80f7-199c66269dba,ACTIVE,FREE_BOOST,POINTS,2025-08-20T14:24:05.35,2025-08-20T14:24:05.35,,0.0
4e2c68d6-01f9-4a1f-a1bd-e0fa14bca575,e7263a32-22b7-468d-8f63-76d74a1922ae,4fc92686-7e63-41f8-80f7-199c66269dba,ACTIVE,FREE_BOOST,POINTS,2025-08-20T14:24:05.35,2025-08-20T14:24:05.35,,0.0
7f2b35b0-c847-437b-b45f-e331ac64fb51,0c2cf785-69cc-428e-a0b4-e0cb31d01dec,4fc92686-7e63-41f8-80f7-199c66269dba,ACTIVE,FREE_BOOST,POINTS,2025-08-20T14:24:05.35,2025-08-20T14:24:05.35,,0.0
f5286fff-7d98-43de-acc5-bb92f096ae73,e1bc532f-06e9-47df-8bc9-562bb5532094,4fc92686-7e63-41f8-80f7-199c66269dba,ACTIVE,FREE_BOOST,POINTS,2025-08-20T14:24:05.35,2025-08-20T14:24:05.35,,0.0
92041edd-7ece-4432-9076-04f41634eea5,522debe0-0cb4-461b-8124-4e7d7a42aa8c,4fc92686-7e63-41f8-80f7-199c66269dba,ACTIVE,FREE_BOOST,POINTS,2025-08-20T14:24:05.35,2025-08-20T14:24:05.35,,0.0
e7028198-5720-4ef3-a009-d70ca58f7892,a61f0bcc-e937-4a41-b52b-f8571b1d979b,4fc92686-7e63-41f8-80f7-199c66269dba,ACTIVE,FREE_BOOST,POINTS,2025-08-20T14:24:05.35,2025-08-20T14:24:05.35,,0.0
288e8fd4-e351-456f-904f-d3fbd3d8acea,8d15bade-05e2-436f-858d-1be0a7b406e4,4fc92686-7e63-41f8-80f7-199c66269dba,ACTIVE,FREE_BOOST,POINTS,2025-08-20T14:24:05.35,2025-08-20T14:24:05.35,,0.0
477787fd-3b95-4ea3-b03c-815b164f8060,376ba697-d7b6-4900-b40e-19edab1bcbac,4fc92686-7e63-41f8-80f7-199c66269dba,ACTIVE,FREE_BOOST,POINTS,2025-08-20T14:24:05.35,2025-08-20T14:24:05.35,,0.0
cb128f55-6f89-4ba0-8738-830178a1eb36,6303a918-a324-41aa-b980-552452bbd22b,4fc92686-7e63-41f8-80f7-199c66269dba,ACTIVE,FREE_BOOST,POINTS,2025-08-20T14:24:05.35,2025-08-20T14:24:05.35,,0.0
803aec02-02cc-4aa3-b447-1de2f70583e7,9cff4fdb-8eb1-4ec3-b3a5-26e28868e08c,4fc92686-7e63-41f8-80f7-199c66269dba,ACTIVE,FREE_BOOST,POINTS,2025-08-20T14:24:05.35,2025-08-20T14:24:05.35,,0.0
2005354a-c008-4c99-a2a9-cd4fb7023fbd,6417374d-1929-40a9-bb0e-5a734f5c2378,4fc92686-7e63-41f8-80f7-199c66269dba,ACTIVE,FREE_BOOST,POINTS,2025-08-20T14:24:05.35,2025-08-20T14:24:05.35,,0.0
35cda7e4-a9ca-47d0-87e8-f86d063e73c1,96d29685-fbcd-48d1-87aa-ac83184960c3,647d22df-7a22-46b6-ae3d-c7e2687417dd,ACTIVE,pay_gay0t4uptxhm86s9,CREDIT_CARD,2025-08-20T14:24:05.35,2025-08-20T14:24:05.35,,0.0
7c63f41e-7217-4f17-8c79-271594357ffb,0d2fee1c-cf71-4d4a-a2be-a03a4ee3356c,4fc92686-7e63-41f8-80f7-199c66269dba,ACTIVE,FREE_BOOST,POINTS,2025-08-20T14:24:05.35,2025-08-20T14:24:05.35,,0.0
c65b6fbf-993c-404c-8e5c-c3e0b783def6,8bea236b-9bc9-42f9-8d29-fb55172ac1a9,6cd36c22-ecd6-4128-b16d-a9bb8eec74b7,INACTIVE,pay_5uzopdgnxh27jxvx,PIX,2025-08-20T14:24:05.35,2025-08-20T14:24:05.35,,0.0
76cd9708-7273-4881-a2d5-33cd75ff3e1d,e559a27f-95db-4079-9a0f-da368c938fba,4fc92686-7e63-41f8-80f7-199c66269dba,ACTIVE,FREE_BOOST,POINTS,2025-08-20T14:24:05.35,2025-08-20T14:24:05.35,,0.0
8d467231-cd70-4496-984d-e4c4d4507417,e8da827c-1b02-4b82-af81-8080e1278676,4fc92686-7e63-41f8-80f7-199c66269dba,ACTIVE,FREE_BOOST,POINTS,2025-08-20T14:24:05.35,2025-08-20T14:24:05.35,,0.0
ca732158-82d2-4074-9add-07939bd38853,285ea74f-b85b-41c6-960c-9407980e5f44,4fc92686-7e63-41f8-80f7-199c66269dba,ACTIVE,FREE_BOOST,POINTS,2025-08-20T14:24:05.35,2025-08-20T14:24:05.35,,0.0
62aee2d1-5a78-4819-92ce-0672faad9453,23250625-3bad-4f6a-bdc2-f33248180011,4fc92686-7e63-41f8-80f7-199c66269dba,ACTIVE,FREE_BOOST,POINTS,2025-08-20T14:24:05.35,2025-08-20T14:24:05.35,,0.0
31a03823-d041-4992-ba0e-4c339ec19376,099e1e48-6ae2-4ebc-a2b2-4ae509b5f260,4fc92686-7e63-41f8-80f7-199c66269dba,ACTIVE,FREE_BOOST,POINTS,2025-08-20T14:24:05.35,2025-08-20T14:24:05.35,,0.0
dea4c279-9fe0-4192-8fd9-e19044cef518,fe6aec94-3c97-4195-afb5-544bf8e0059c,4fc92686-7e63-41f8-80f7-199c66269dba,ACTIVE,FREE_BOOST,POINTS,2025-08-20T14:24:05.35,2025-08-20T14:24:05.35,,0.0
836efd82-7742-4157-b229-0e5a2cbded14,fa4357a1-34f6-4fc0-9ca1-9795d3ceac43,4fc92686-7e63-41f8-80f7-199c66269dba,ACTIVE,FREE_BOOST,POINTS,2025-08-20T14:24:05.35,2025-08-20T14:24:05.35,,0.0
0ecef3c5-a122-4902-bb39-c555c9ac8188,5f1fd36c-bdac-40e6-a891-f57f399369e5,6cd36c22-ecd6-4128-b16d-a9bb8eec74b7,ACTIVE,pay_dwn240o1nq0lp190,PIX,2025-08-20T14:24:05.35,2025-08-20T14:24:05.35,,0.0
6c238016-a226-441e-b397-94cd31336bb9,5f1fd36c-bdac-40e6-a891-f57f399369e5,5ccbc285-40a3-4fcd-a4df-f7a73aaf3c2c,ACTIVE,pay_fi40osg7gj9yyh8y,PIX,2025-08-20T14:24:05.35,2025-08-20T14:24:05.35,,0.0
220c9771-e87d-439c-9c77-74d8cd271873,5f1fd36c-bdac-40e6-a891-f57f399369e5,5ccbc285-40a3-4fcd-a4df-f7a73aaf3c2c,ACTIVE,pay_20zwewnqf5jycg3k,PIX,2025-08-20T14:24:05.35,2025-08-20T14:24:05.35,,0.0
635a8499-2498-49a4-a21c-a029c1b864ec,5f1fd36c-bdac-40e6-a891-f57f399369e5,5ccbc285-40a3-4fcd-a4df-f7a73aaf3c2c,ACTIVE,pay_t6l62imbnn8l3xaz,PIX,2025-08-20T14:24:05.35,2025-08-20T14:24:05.35,,0.0
3c3e3c7d-cb63-4306-b894-953889f63962,5f1fd36c-bdac-40e6-a891-f57f399369e5,5ccbc285-40a3-4fcd-a4df-f7a73aaf3c2c,ACTIVE,pay_11s4tcxd8y1kxp2n,PIX,2025-08-20T14:24:05.35,2025-08-20T14:24:05.35,,0.0
4f5bdfc1-49f7-4034-beb6-61eb2c62345f,61cea232-1100-4cf8-926f-e4a364243d4c,4fc92686-7e63-41f8-80f7-199c66269dba,ACTIVE,FREE_BOOST,POINTS,2025-08-20T14:24:05.35,2025-08-20T14:24:05.35,,0.0
34c9c090-2970-4ea9-82e2-2d8df9957d37,61cea232-1100-4cf8-926f-e4a364243d4c,647d22df-7a22-46b6-ae3d-c7e2687417dd,ACTIVE,pay_2kqp6b1ewqsnb1s2,PIX,2025-08-20T14:24:05.35,2025-08-20T14:24:05.35,,0.0
59da178e-3998-408f-88fc-c8cf629a1951,61cea232-1100-4cf8-926f-e4a364243d4c,647d22df-7a22-46b6-ae3d-c7e2687417dd,ACTIVE,pay_fr1c18oca6qcbdd9,PIX,2025-08-20T14:24:05.35,2025-08-20T14:24:05.35,,0.0
360ceaed-e8c1-4ac4-a5d1-da96d3d6d2ce,61cea232-1100-4cf8-926f-e4a364243d4c,647d22df-7a22-46b6-ae3d-c7e2687417dd,ACTIVE,pay_1kx6qsetzs5l5ixw,PIX,2025-08-20T14:24:05.35,2025-08-20T14:24:05.35,,0.0
2c3e7805-db9a-48bf-89d3-893c693a1359,405b2f23-e8ce-4d6f-a25d-ba08cf6fda73,4fc92686-7e63-41f8-80f7-199c66269dba,ACTIVE,FREE_BOOST,POINTS,2025-08-20T14:24:05.35,2025-08-20T14:24:05.35,,0.0
06944fcb-196f-44fc-87c4-74ffa3ef91f1,c0e35808-bc4b-41ff-ba98-4885ace74349,647d22df-7a22-46b6-ae3d-c7e2687417dd,ACTIVE,pay_b0wm3n9kf05uhxmb,PIX,2025-08-20T14:24:05.35,2025-08-20T14:24:05.35,,0.0
f1a75695-8a30-4741-82df-f3b5f8fe8460,c0e35808-bc4b-41ff-ba98-4885ace74349,4fc92686-7e63-41f8-80f7-199c66269dba,ACTIVE,FREE_BOOST,POINTS,2025-08-20T14:24:05.35,2025-08-20T14:24:05.35,,0.0
3313dc04-28b4-4851-9b93-5f07ce6196ca,c0e35808-bc4b-41ff-ba98-4885ace74349,5ccbc285-40a3-4fcd-a4df-f7a73aaf3c2c,ACTIVE,pay_fg515533kxdpn3v3,PIX,2025-08-20T14:24:05.35,2025-08-20T14:24:05.35,,0.0
22836fa6-2894-4b1e-bdbe-36f9b9fee90b,5f5fd52a-de65-4690-8674-dcf4fc0a8703,4fc92686-7e63-41f8-80f7-199c66269dba,ACTIVE,FREE_BOOST,POINTS,2025-08-20T14:24:05.35,2025-08-20T14:24:05.35,,0.0
380910ed-2797-49ca-b862-9e1e4bafd31f,abc5e8e3-d559-46a3-9b87-bd2731be99ba,4fc92686-7e63-41f8-80f7-199c66269dba,ACTIVE,FREE_BOOST,POINTS,2025-08-20T14:24:05.35,2025-08-20T14:24:05.35,,0.0
8dcb761d-fb4f-4672-8441-91b3695a20f5,5bbc601d-d2f7-440b-a712-1d87d6e6ef5c,4fc92686-7e63-41f8-80f7-199c66269dba,ACTIVE,FREE_BOOST,POINTS,2025-08-20T14:24:05.35,2025-08-20T14:24:05.35,,0.0
37fbee08-e186-43dc-9198-f7021e72d570,27fe07ef-8829-4ed8-97b8-6e1e2ed57e75,4fc92686-7e63-41f8-80f7-199c66269dba,ACTIVE,FREE_BOOST,POINTS,2025-08-20T14:24:05.35,2025-08-20T14:24:05.35,,0.0
563143fd-dbbc-4875-b1b2-474bd21882ca,bc026c8d-0129-4443-8815-8b8b314677a9,4fc92686-7e63-41f8-80f7-199c66269dba,ACTIVE,FREE_BOOST,POINTS,2025-08-20T14:24:05.35,2025-08-20T14:24:05.35,,0.0
c82de131-e26e-49de-856d-e30bada24c77,79e5aa6c-405a-451c-b7ad-f5fde43c5cbd,4fc92686-7e63-41f8-80f7-199c66269dba,ACTIVE,FREE_BOOST,POINTS,2025-08-20T14:24:05.35,2025-08-20T14:24:05.35,,0.0
db205dd6-c65b-4f26-a3f4-3e7bbc71a0e1,bef47159-622e-4c98-82c1-3d9ea6b8c642,6cd36c22-ecd6-4128-b16d-a9bb8eec74b7,INACTIVE,pay_tvew1pn96pfp3lbm,PIX,2025-08-20T14:24:05.35,2025-08-20T14:24:05.35,,0.0
da4cb784-d5da-43e0-b9fd-4d84378d3314,bef47159-622e-4c98-82c1-3d9ea6b8c642,6cd36c22-ecd6-4128-b16d-a9bb8eec74b7,INACTIVE,pay_dwrdwsannmjd8rnx,PIX,2025-08-20T14:24:05.35,2025-08-20T14:24:05.35,,0.0
f99a60ad-d1c0-4fe0-8973-4094f4c48264,07afcd27-53c5-42d2-8385-b9d54f4fd6b4,4fc92686-7e63-41f8-80f7-199c66269dba,ACTIVE,FREE_BOOST,POINTS,2025-08-20T14:24:05.35,2025-08-20T14:24:05.35,,0.0
09c5ed58-0ec5-4bb4-bd38-4538d78fd842,9326a5b5-2218-4a33-a708-e3a82827657a,4fc92686-7e63-41f8-80f7-199c66269dba,ACTIVE,FREE_BOOST,POINTS,2025-08-20T14:24:05.35,2025-08-20T14:24:05.35,,0.0
2eeed752-c457-4bfe-9893-90d042e32950,b7531944-92d4-4702-99ff-0c2af44689e2,4fc92686-7e63-41f8-80f7-199c66269dba,ACTIVE,FREE_BOOST,POINTS,2025-08-20T14:24:05.35,2025-08-20T14:24:05.35,,0.0
1df139f3-a88c-4627-8fdc-b6e128b57f4b,47c99472-fe6c-42ca-a54e-240864e2df28,4fc92686-7e63-41f8-80f7-199c66269dba,ACTIVE,FREE_BOOST,POINTS,2025-08-20T14:24:05.35,2025-08-20T14:24:05.35,,0.0
b53935ee-00e8-438e-9698-5fc9e6ebd800,50afd934-9a8b-45ac-8f2b-cb5c6807cc7f,4fc92686-7e63-41f8-80f7-199c66269dba,ACTIVE,FREE_BOOST,POINTS,2025-08-20T14:24:05.35,2025-08-20T14:24:05.35,,0.0
48ac4aa6-6e7b-4384-9aba-f2e3b29a6440,830e8484-1fc8-4b93-b13a-25bad72384bf,4fc92686-7e63-41f8-80f7-199c66269dba,ACTIVE,FREE_BOOST,POINTS,2025-08-20T14:24:05.35,2025-08-20T14:24:05.35,,0.0
e5bfdf90-018e-4562-878e-8bc7885a5de4,49f835e6-8bdf-4571-a3dd-9f17b0deb54c,4fc92686-7e63-41f8-80f7-199c66269dba,ACTIVE,FREE_BOOST,POINTS,2025-08-20T14:24:05.35,2025-08-20T14:24:05.35,,0.0
3c5e525e-df04-4e9c-8334-a733e17cfff7,3f1d2720-a925-4484-a526-af12ecd14b77,4fc92686-7e63-41f8-80f7-199c66269dba,ACTIVE,FREE_BOOST,POINTS,2025-08-20T14:24:05.35,2025-08-20T14:24:05.35,,0.0
a3e8e5d0-c877-4abc-b9a3-843c95d56444,1324848c-1200-4665-badf-35376e4c2ff9,4fc92686-7e63-41f8-80f7-199c66269dba,ACTIVE,FREE_BOOST,POINTS,2025-08-20T14:24:05.35,2025-08-20T14:24:05.35,,0.0
b9ceb785-9340-4719-b4f6-02caaf08e90b,17975580-bf83-40df-aac7-1a3496e04d62,4fc92686-7e63-41f8-80f7-199c66269dba,ACTIVE,FREE_BOOST,POINTS,2025-08-20T14:24:05.35,2025-08-20T14:24:05.35,,0.0
138d2772-c442-41d5-bd19-89d1cecdc218,5a8f3808-0a65-4d37-b379-40f23f4af561,4fc92686-7e63-41f8-80f7-199c66269dba,ACTIVE,FREE_BOOST,POINTS,2025-08-20T14:24:05.35,2025-08-20T14:24:05.35,,0.0
a36eaf41-fdef-4b90-9564-8fbe61c039ca,2ec1d361-26bc-40b0-8bdc-9baf04c0f7fe,4fc92686-7e63-41f8-80f7-199c66269dba,ACTIVE,FREE_BOOST,POINTS,2025-08-20T14:24:05.35,2025-08-20T14:24:05.35,,0.0
1c63c690-26a1-4741-98f2-87c5c5ead1f9,45ab2e50-21f5-4510-9b85-34b8c6d9e0b9,4fc92686-7e63-41f8-80f7-199c66269dba,ACTIVE,FREE_BOOST,POINTS,2025-08-20T14:24:05.35,2025-08-20T14:24:05.35,,0.0
