ID,User ID,Status,Boost ID,Start Date,End Date,Update Date
9f8da0c5-c87d-46e2-a0b2-77a2e398c943,bef47159-622e-4c98-82c1-3d9ea6b8c642,ACTIVE,2add3aba-7923-43f6-8ee2-699b4e299110,2025-05-13T13:32:58.558,2025-06-12T13:32:58.558,2025-05-13T13:32:58.558
7eead15b-95a5-471c-b6a1-cc96d8f3ea62,dda92bac-eedb-4b5d-af7b-15ece8511ab7,ACTIVE,2add3aba-7923-43f6-8ee2-699b4e299110,2025-05-13T14:28:09.055,2025-06-12T14:28:09.055,2025-05-13T14:28:09.055
a6a14fa0-19d7-4d0f-8e69-19970c03a967,8bea236b-9bc9-42f9-8d29-fb55172ac1a9,ACTIVE,2add3aba-7923-43f6-8ee2-699b4e299110,2025-05-13T14:28:12.134,2025-06-12T14:28:12.134,2025-05-13T14:28:12.134
d80a66a8-8700-4164-ba5e-87ea80e3cfc5,3225a5f8-b91a-43e8-a5f3-e63d6fbe50bc,ACTIVE,2add3aba-7923-43f6-8ee2-699b4e299110,2025-05-14T13:52:21.468,2025-06-13T13:52:21.468,2025-05-14T13:52:21.468
12efa018-4df4-4f1e-b13c-a9266331b8d4,f7f24227-4622-4dd2-af2b-ef868b074cd4,ACTIVE,2add3aba-7923-43f6-8ee2-699b4e299110,2025-05-15T18:03:59.476,2025-06-14T18:03:59.476,2025-05-15T18:03:59.476
7c7da960-f927-45ae-b422-3924b8c8e15b,b727849b-5805-4c83-a9e0-34dfe8162c25,ACTIVE,2add3aba-7923-43f6-8ee2-699b4e299110,2025-05-15T18:40:26.291,2025-06-14T18:40:26.291,2025-05-15T18:40:26.291
9eec506d-1fe8-4a3a-afc3-5e640d130a7f,32217e6f-fa92-4a96-a620-9b25ad9bce6a,ACTIVE,2add3aba-7923-43f6-8ee2-699b4e299110,2025-05-19T14:38:09.19,2025-06-18T14:38:09.19,2025-05-19T14:38:09.19
112fd608-c8c5-4cba-9ba1-5b2750cdf215,bef47159-622e-4c98-82c1-3d9ea6b8c642,ACTIVE,2add3aba-7923-43f6-8ee2-699b4e299110,2025-06-27T17:03:25.475,2025-07-27T17:03:25.475,2025-06-27T17:03:25.475
d194c485-6511-487b-acaa-0ba3608ed69d,3225a5f8-b91a-43e8-a5f3-e63d6fbe50bc,ACTIVE,2add3aba-7923-43f6-8ee2-699b4e299110,2025-06-27T17:03:26.878,2025-07-27T17:03:26.878,2025-06-27T17:03:26.878
de73f070-68fc-4f24-9797-212783d120e5,52733dd7-3606-474f-8ec5-e8a4413c6aa9,ACTIVE,2add3aba-7923-43f6-8ee2-699b4e299110,2025-07-01T07:40:34.955,2025-07-31T07:40:34.955,2025-07-01T07:40:34.955
78dc730c-aff0-4efd-b36c-c32d21a227c2,82c42ae9-a654-4adf-87d0-f6237cdbb225,ACTIVE,2add3aba-7923-43f6-8ee2-699b4e299110,2025-07-02T12:57:32.765,2025-08-01T12:57:32.765,2025-07-02T12:57:32.765
2c5ed608-7f58-41fb-8a7e-e3c84fea890a,b86a4023-623c-4976-a379-92a828f8cf30,ACTIVE,2add3aba-7923-43f6-8ee2-699b4e299110,2025-07-02T20:28:11.18,2025-08-01T20:28:11.18,2025-07-02T20:28:11.18
f9876837-5fd3-4781-856d-1466a5df5d27,4b7ba819-8598-46d3-b419-85e0d9947111,ACTIVE,2add3aba-7923-43f6-8ee2-699b4e299110,2025-07-03T00:15:38.928,2025-08-02T00:15:38.928,2025-07-03T00:15:38.928
eeaef2dc-61b6-4dde-9621-680a6e8a4eae,5a6643a5-99fb-4864-ac40-12e97b3cd93a,ACTIVE,01146fd4-43f3-4814-b573-963ac0864017,2025-07-04T22:24:17.594,2025-08-03T22:24:17.594,2025-07-04T22:24:17.594
758a54de-332e-4e57-8036-6de02fdf0ff7,98750556-7530-421d-a98c-b913694a373f,ACTIVE,01146fd4-43f3-4814-b573-963ac0864017,2025-07-05T00:20:11.7,2025-08-04T00:20:11.7,2025-07-05T00:20:11.7
a02215a6-1508-44b8-8dc9-9715f6a8510c,494ac9e8-c44c-4626-ae45-446e87ac3bff,ACTIVE,01146fd4-43f3-4814-b573-963ac0864017,2025-07-05T01:41:29.589,2025-08-04T01:41:29.589,2025-07-05T01:41:29.589
80d2856a-a121-4d5c-b884-3d5fc53fcadf,8bea236b-9bc9-42f9-8d29-fb55172ac1a9,ACTIVE,01146fd4-43f3-4814-b573-963ac0864017,2025-07-05T15:54:13.095,2025-08-04T15:54:13.095,2025-07-05T15:54:13.095
f2c2f8ce-48a1-4e60-a27f-fbca339de4de,52733dd7-3606-474f-8ec5-e8a4413c6aa9,ACTIVE,01146fd4-43f3-4814-b573-963ac0864017,2025-07-05T21:30:49.088,2025-08-04T21:30:49.088,2025-07-05T21:30:49.088
55cb50f5-0d76-43cd-a92a-8e6a1373dd54,75cd5cbd-7099-496b-a9dd-a36a78f2d035,ACTIVE,01146fd4-43f3-4814-b573-963ac0864017,2025-07-07T15:05:30.453,2025-08-06T15:05:30.453,2025-07-07T15:05:30.453
cc57591a-bb1d-4023-8b53-6238c98affff,82c42ae9-a654-4adf-87d0-f6237cdbb225,ACTIVE,01146fd4-43f3-4814-b573-963ac0864017,2025-07-07T17:25:47.923,2025-08-06T17:25:47.923,2025-07-07T17:25:47.923
e10052d4-8fa4-4cd1-ab94-1676c3a7633a,6ee290a6-4130-4336-be24-5c8436af07b3,ACTIVE,01146fd4-43f3-4814-b573-963ac0864017,2025-07-07T18:39:33.322,2025-08-06T18:39:33.322,2025-07-07T18:39:33.322
fbc1a253-6370-4257-a0de-4a8b8c4b891d,3c504dd1-9e59-40ea-80d3-99c01b77c6a1,ACTIVE,01146fd4-43f3-4814-b573-963ac0864017,2025-07-07T19:12:36.022,2025-08-06T19:12:36.022,2025-07-07T19:12:36.022
74239846-76fd-40d7-be62-3d3394aa7aed,b727849b-5805-4c83-a9e0-34dfe8162c25,ACTIVE,01146fd4-43f3-4814-b573-963ac0864017,2025-07-07T19:44:22.432,2025-08-06T19:44:22.432,2025-07-07T19:44:22.432
11a77e33-3441-4c85-a94f-1596ff65f870,5f1fd36c-bdac-40e6-a891-f57f399369e5,ACTIVE,01146fd4-43f3-4814-b573-963ac0864017,2025-07-07T23:36:08.899,2025-08-06T23:36:08.899,2025-07-07T23:36:08.899
d7b6bbd5-76c4-40e4-8f82-4870850ad523,5f1fd36c-bdac-40e6-a891-f57f399369e5,ACTIVE,2add3aba-7923-43f6-8ee2-699b4e299110,2025-07-07T23:41:01.145,2025-08-06T23:41:01.145,2025-07-07T23:41:01.145
df7053d4-2d4e-481c-b5e1-8050190a17a9,5f1fd36c-bdac-40e6-a891-f57f399369e5,ACTIVE,2add3aba-7923-43f6-8ee2-699b4e299110,2025-07-07T23:53:33.952,2025-08-06T23:53:33.952,2025-07-07T23:53:33.952
5b93fa5b-2605-4e4d-af65-7ec48de17f55,eed92c85-3e9c-4cf6-b457-6ca9d0e056ad,ACTIVE,01146fd4-43f3-4814-b573-963ac0864017,2025-07-08T00:14:05.134,2025-08-07T00:14:05.134,2025-07-08T00:14:05.134
2185c8c1-752b-4ce9-a919-3054e0219f23,eed92c85-3e9c-4cf6-b457-6ca9d0e056ad,ACTIVE,01146fd4-43f3-4814-b573-963ac0864017,2025-07-08T00:36:19.702,2025-08-07T00:36:19.702,2025-07-08T00:36:19.702
facaa74b-a667-4c4c-a2cb-eb95f49363a4,61cea232-1100-4cf8-926f-e4a364243d4c,ACTIVE,01146fd4-43f3-4814-b573-963ac0864017,2025-07-08T01:26:29.111,2025-08-07T01:26:29.111,2025-07-08T01:26:29.111
269f7f53-8ea6-4710-8d42-49185f3c6dab,61cea232-1100-4cf8-926f-e4a364243d4c,ACTIVE,01146fd4-43f3-4814-b573-963ac0864017,2025-07-08T01:47:43.695,2025-08-07T01:47:43.695,2025-07-08T01:47:43.695
08b1e760-df35-4303-aeda-0cda1d0f26c2,61cea232-1100-4cf8-926f-e4a364243d4c,ACTIVE,01146fd4-43f3-4814-b573-963ac0864017,2025-07-08T01:47:45.215,2025-08-07T01:47:45.215,2025-07-08T01:47:45.215
bf8b1f9f-2894-4b99-83eb-7e90b4973d20,61cea232-1100-4cf8-926f-e4a364243d4c,ACTIVE,01146fd4-43f3-4814-b573-963ac0864017,2025-07-08T01:47:46.162,2025-08-07T01:47:46.162,2025-07-08T01:47:46.162
18a16551-b565-4336-bf49-a6419e86242a,15514c51-45f2-478b-aa2d-2fc57a2b31c1,ACTIVE,01146fd4-43f3-4814-b573-963ac0864017,2025-07-08T01:47:51.282,2025-08-07T01:47:51.282,2025-07-08T01:47:51.282
6104f430-8295-4425-9300-3586f3fd9bbd,721362b2-ff71-4010-86b3-c4062a7ac83e,ACTIVE,01146fd4-43f3-4814-b573-963ac0864017,2025-07-08T01:48:01.707,2025-08-07T01:48:01.707,2025-07-08T01:48:01.707
c6d0276a-2e1a-48eb-8303-510a6402cd2e,ccaa6c0f-c586-42be-8662-13bbff73bc67,ACTIVE,01146fd4-43f3-4814-b573-963ac0864017,2025-07-08T06:34:07.714,2025-08-07T06:34:07.714,2025-07-08T06:34:07.714
eb7351d4-0fb5-4ec4-b987-5c8aa13461a0,ccaa6c0f-c586-42be-8662-13bbff73bc67,ACTIVE,01146fd4-43f3-4814-b573-963ac0864017,2025-07-08T06:34:08.893,2025-08-07T06:34:08.893,2025-07-08T06:34:08.893
2043e689-25c9-4cf7-b283-a64fadb6755b,c0e35808-bc4b-41ff-ba98-4885ace74349,ACTIVE,01146fd4-43f3-4814-b573-963ac0864017,2025-07-08T12:57:43.786,2025-08-07T12:57:43.786,2025-07-08T12:57:43.786
6bcee0d8-f9c1-4837-adbd-d54658552f67,dda92bac-eedb-4b5d-af7b-15ece8511ab7,ACTIVE,01146fd4-43f3-4814-b573-963ac0864017,2025-07-08T17:52:01.357,2025-08-07T17:52:01.357,2025-07-08T17:52:01.357
028108b5-bbc2-4f84-9565-59d4918a8fb1,714569d9-d561-4565-bd7b-8c69951a6fcb,ACTIVE,01146fd4-43f3-4814-b573-963ac0864017,2025-07-10T16:48:54.31,2025-08-09T16:48:54.31,2025-07-10T16:48:54.31
262dd3b6-9d9d-4a50-8d40-7f4e2799e676,cf4bbfa0-4116-4a71-ab53-15f3e9a6d5f4,ACTIVE,01146fd4-43f3-4814-b573-963ac0864017,2025-07-11T03:53:46.188,2025-08-10T03:53:46.188,2025-07-11T03:53:46.188
e514b09c-d6be-4b74-9ac7-dda83ae4a957,c0e35808-bc4b-41ff-ba98-4885ace74349,ACTIVE,2add3aba-7923-43f6-8ee2-699b4e299110,2025-07-11T13:12:14.165,2025-08-10T13:12:14.165,2025-07-11T13:12:14.165
8803726f-30ef-4176-b858-f2c5c6e91181,59dae66d-5fa9-4507-8c1c-9975e3e85648,ACTIVE,01146fd4-43f3-4814-b573-963ac0864017,2025-07-11T20:33:23.877,2025-08-10T20:33:23.877,2025-07-11T20:33:23.877
3162c4d5-58bb-4e17-b67d-9ddcf8ca4bbb,59dae66d-5fa9-4507-8c1c-9975e3e85648,ACTIVE,2add3aba-7923-43f6-8ee2-699b4e299110,2025-07-11T20:34:58.515,2025-08-10T20:34:58.515,2025-07-11T20:34:58.515
827def34-2aea-41fd-a614-831ab53f955e,05cabd1c-6dea-4daa-875a-c24cd9b20ec7,ACTIVE,2add3aba-7923-43f6-8ee2-699b4e299110,2025-07-03T00:15:38.928,2025-08-02T00:15:38.928,2025-07-03T00:15:38.928
3c342bb3-6c14-4a3f-9f2b-33eabd81a717,05cabd1c-6dea-4daa-875a-c24cd9b20ec7,ACTIVE,01146fd4-43f3-4814-b573-963ac0864017,2025-07-04T22:24:17.594,2025-08-03T22:24:17.594,2025-07-04T22:24:17.594
bfa7211d-3c04-40b5-aa16-f651874cd942,2d4126a1-13b6-4172-a837-47754e852665,ACTIVE,01146fd4-43f3-4814-b573-963ac0864017,2025-07-16T17:29:11.016,2025-08-15T17:29:11.016,2025-07-16T17:29:11.016
b3f509ed-1bf5-430b-9b6a-fb51cd9b3dc0,e01b774e-24f8-4b9f-a49d-c217081bbc22,ACTIVE,01146fd4-43f3-4814-b573-963ac0864017,2025-07-16T17:31:02.009,2025-08-15T17:31:02.009,2025-07-16T17:31:02.009
7d83f128-1e19-4a6d-acb4-a23562f05c28,3d2c3f9b-d436-41b4-8e06-0de4257b9f1d,ACTIVE,01146fd4-43f3-4814-b573-963ac0864017,2025-07-18T02:47:40.538,2025-08-17T02:47:40.538,2025-07-18T02:47:40.538
d5037cc0-7647-4588-ad2b-2e4a45b25d12,3d2c3f9b-d436-41b4-8e06-0de4257b9f1d,ACTIVE,2add3aba-7923-43f6-8ee2-699b4e299110,2025-07-18T02:50:35.914,2025-08-17T02:50:35.914,2025-07-18T02:50:35.914
5403b9d6-7520-4280-a06b-241d34d98d09,398a42ca-e785-4709-9719-ea03b9718a19,ACTIVE,01146fd4-43f3-4814-b573-963ac0864017,2025-07-19T05:59:43.618,2025-08-18T05:59:43.618,2025-07-19T05:59:43.618
8dc9111a-7341-4edf-ac2e-b8dfb644f48d,8e76464b-46f1-4895-ad67-e8341c471818,ACTIVE,01146fd4-43f3-4814-b573-963ac0864017,2025-07-20T02:55:38.383,2025-08-19T02:55:38.383,2025-07-20T02:55:38.383
71beb06e-460a-4563-95d2-50a331ef4a2d,9a393653-3e22-4bad-91b6-2e1e00319ecd,ACTIVE,01146fd4-43f3-4814-b573-963ac0864017,2025-07-21T00:33:12.639,2025-08-20T00:33:12.639,2025-07-21T00:33:12.639
e568977e-edf1-4565-a829-f62b6beb75e2,79a65896-da42-432b-b23e-e9cafce4f45d,ACTIVE,01146fd4-43f3-4814-b573-963ac0864017,2025-07-21T00:35:43.61,2025-08-20T00:35:43.61,2025-07-21T00:35:43.61
0d1eec4c-098c-45db-b44e-7145dfe27c35,809ad04a-3a83-4dfd-b10c-576c1cab3457,ACTIVE,01146fd4-43f3-4814-b573-963ac0864017,2025-07-21T00:40:30.131,2025-08-20T00:40:30.131,2025-07-21T00:40:30.131
4e72cdbd-a7d1-4c21-9f87-8afdfdf5639a,398a42ca-e785-4709-9719-ea03b9718a19,ACTIVE,2add3aba-7923-43f6-8ee2-699b4e299110,2025-07-21T00:58:06.127,2025-08-20T00:58:06.127,2025-07-21T00:58:06.127
6e1deee7-8012-41c4-922f-827ef59a7087,88e0fc52-8d09-4a07-9180-ae1f0550c2a5,ACTIVE,01146fd4-43f3-4814-b573-963ac0864017,2025-07-22T06:35:36.044,2025-08-21T06:35:36.044,2025-07-22T06:35:36.044
26bddbe0-5429-4a97-89ea-7c602eb01bc1,96d29685-fbcd-48d1-87aa-ac83184960c3,ACTIVE,4fc92686-7e63-41f8-80f7-199c66269dba,2025-07-22T17:12:14.517,2025-08-21T17:12:14.517,2025-07-22T17:12:14.517
277ea848-0b42-46f2-9e64-2d7df014cd40,2522d867-3d7f-43b5-812b-ece7d459fc71,ACTIVE,647d22df-7a22-46b6-ae3d-c7e2687417dd,2025-07-22T17:13:01.003,2025-08-21T17:13:01.003,2025-07-22T17:13:01.003
180f29cd-fed7-4029-a512-7921596ad6aa,8bea236b-9bc9-42f9-8d29-fb55172ac1a9,ACTIVE,5ccbc285-40a3-4fcd-a4df-f7a73aaf3c2c,2025-07-22T17:13:09.805,2025-08-21T17:13:09.805,2025-07-22T17:13:09.805
1bbda1b8-8420-4a59-9043-78b37c3f0b91,beb0b2a2-e504-47c7-b3c0-59e90d62b885,ACTIVE,4fc92686-7e63-41f8-80f7-199c66269dba,2025-07-22T17:17:44.659,2025-08-21T17:17:44.659,2025-07-22T17:17:44.659
73678e3c-eed6-4617-adb3-b545993af39c,8bea236b-9bc9-42f9-8d29-fb55172ac1a9,ACTIVE,4fc92686-7e63-41f8-80f7-199c66269dba,2025-07-22T17:20:36.873,2025-08-21T17:20:36.873,2025-07-22T17:20:36.873
5161da05-e06b-41f1-ab16-d49fb0d9ae8b,e8da827c-1b02-4b82-af81-8080e1278676,ACTIVE,5ccbc285-40a3-4fcd-a4df-f7a73aaf3c2c,2025-07-22T17:41:35.197,2025-08-21T17:41:35.197,2025-07-22T17:41:35.197
47ef5f47-e952-4200-bf93-21975da969d5,5f1fd36c-bdac-40e6-a891-f57f399369e5,ACTIVE,647d22df-7a22-46b6-ae3d-c7e2687417dd,2025-07-22T17:45:56.223,2025-08-21T17:45:56.223,2025-07-22T17:45:56.223
9eac8647-2c4e-40b5-b028-18d2b59aeefe,6ca85964-7863-437d-9c6d-f10f6e8f2f0d,ACTIVE,4fc92686-7e63-41f8-80f7-199c66269dba,2025-07-22T17:49:25.163,2025-08-21T17:49:25.163,2025-07-22T17:49:25.163
c9f4da86-5616-45f6-83e7-b60a6502aedf,da904a63-6d0d-4900-85c9-573958a33c84,ACTIVE,4fc92686-7e63-41f8-80f7-199c66269dba,2025-07-22T17:52:59.312,2025-08-21T17:52:59.312,2025-07-22T17:52:59.312
34312c0f-79b4-42b2-9ce5-1f20b9fd5b3d,5f1fd36c-bdac-40e6-a891-f57f399369e5,ACTIVE,4fc92686-7e63-41f8-80f7-199c66269dba,2025-07-22T18:03:34.259,2025-08-21T18:03:34.259,2025-07-22T18:03:34.259
666756c9-3b5a-495c-9a8b-f07d729637ad,6806d542-2415-4390-8fd4-b8748f5e32ed,ACTIVE,01146fd4-43f3-4814-b573-963ac0864017,2025-07-22T18:16:51.36,2025-08-21T18:16:51.36,2025-07-22T18:16:51.36
d8e3a19a-e52e-4e31-872a-26d1165948b2,dda92bac-eedb-4b5d-af7b-15ece8511ab7,ACTIVE,4fc92686-7e63-41f8-80f7-199c66269dba,2025-07-22T18:30:15.229,2025-08-21T18:30:15.229,2025-07-22T18:30:15.229
e1db4112-c4e3-43ab-bcea-876f4acae181,a7d6f95b-7667-4c37-ab2f-963113cea92a,ACTIVE,5ccbc285-40a3-4fcd-a4df-f7a73aaf3c2c,2025-07-22T18:50:16.564,2025-08-21T18:50:16.564,2025-07-22T18:50:16.564
fa9774b3-751c-4e25-810b-25deeac512f3,0d45be66-ed3a-48ef-940e-87fe8e792c94,ACTIVE,4fc92686-7e63-41f8-80f7-199c66269dba,2025-07-22T19:30:35.449,2025-08-21T19:30:35.449,2025-07-22T19:30:35.449
d56125a0-83c1-4753-b9a2-cee7f718c2af,3c950ea8-e015-41a3-8fd4-e2cc4afbe885,ACTIVE,4fc92686-7e63-41f8-80f7-199c66269dba,2025-07-22T19:37:42.806,2025-08-21T19:37:42.806,2025-07-22T19:37:42.806
ca7b2a48-69e0-47ab-9760-87cb3a51e6fe,0eefb7f5-b2db-4c9e-bec0-4cb13dc92916,ACTIVE,4fc92686-7e63-41f8-80f7-199c66269dba,2025-07-22T19:50:58.148,2025-08-21T19:50:58.148,2025-07-22T19:50:58.148
81b1d877-67ac-4b6f-92cd-8dd38cba660d,61c6cea6-93f9-4510-940b-8f20c2b7b628,ACTIVE,4fc92686-7e63-41f8-80f7-199c66269dba,2025-07-22T19:51:49.274,2025-08-21T19:51:49.274,2025-07-22T19:51:49.274
aa7377e3-0b0b-4f60-b448-a07decb0cf2c,385b17c0-96d8-43e2-bda6-62fdd682882c,ACTIVE,4fc92686-7e63-41f8-80f7-199c66269dba,2025-07-22T19:55:37.733,2025-08-21T19:55:37.733,2025-07-22T19:55:37.733
aeb0a989-ae88-46fb-860c-20498c703ecd,acbb6397-fb2a-4478-bac0-8ca0beb2376d,ACTIVE,4fc92686-7e63-41f8-80f7-199c66269dba,2025-07-22T20:08:50.373,2025-08-21T20:08:50.373,2025-07-22T20:08:50.373
1e961fb1-7cb5-4c1f-b118-7c017f1dbaac,f32f7a97-4792-421d-8752-68a6019b5dc5,ACTIVE,4fc92686-7e63-41f8-80f7-199c66269dba,2025-07-22T21:15:37.102,2025-08-21T21:15:37.102,2025-07-22T21:15:37.102
4b0e26d2-ebfe-4c5c-8bdc-4acf4f7157a9,3225a5f8-b91a-43e8-a5f3-e63d6fbe50bc,ACTIVE,4fc92686-7e63-41f8-80f7-199c66269dba,2025-07-22T21:52:23.73,2025-08-21T21:52:23.73,2025-07-22T21:52:23.73
c327e22f-f222-4602-8c43-a6b8944d1d7e,3225a5f8-b91a-43e8-a5f3-e63d6fbe50bc,ACTIVE,5ccbc285-40a3-4fcd-a4df-f7a73aaf3c2c,2025-07-22T21:53:03.463,2025-08-21T21:53:03.463,2025-07-22T21:53:03.463
4a4d227a-2c61-4349-a78d-39177bd52b7d,f12f8e63-4ffa-47cb-a67c-2aace3bb9bcb,ACTIVE,4fc92686-7e63-41f8-80f7-199c66269dba,2025-07-22T22:44:53.272,2025-08-21T22:44:53.272,2025-07-22T22:44:53.272
91443a21-af80-4fc3-ad1f-5bb9396ce8c0,863f2e91-c6ee-47c8-894e-f6c87fa3e99d,ACTIVE,4fc92686-7e63-41f8-80f7-199c66269dba,2025-07-22T22:47:08.408,2025-08-21T22:47:08.408,2025-07-22T22:47:08.408
e5204ea9-18ea-4595-9df7-aee27fd949ac,376e5179-834a-46ce-9775-2e5482d5f0c3,ACTIVE,4fc92686-7e63-41f8-80f7-199c66269dba,2025-07-22T22:59:00.325,2025-08-21T22:59:00.325,2025-07-22T22:59:00.325
41779aff-b6fd-4e40-8ed2-2b1fc0f83d96,b35afc75-7620-40c6-9f1d-dc03ceb4b678,ACTIVE,4fc92686-7e63-41f8-80f7-199c66269dba,2025-07-22T23:45:01.174,2025-08-21T23:45:01.174,2025-07-22T23:45:01.174
72b1dbd1-6411-416d-84c6-a430a25d96f6,3be162df-436b-4c60-9669-a36cc258d1aa,ACTIVE,4fc92686-7e63-41f8-80f7-199c66269dba,2025-07-22T23:45:49.915,2025-08-21T23:45:49.915,2025-07-22T23:45:49.915
cee49a66-44b2-4006-994a-733fc79e6a35,b35afc75-7620-40c6-9f1d-dc03ceb4b678,ACTIVE,5ccbc285-40a3-4fcd-a4df-f7a73aaf3c2c,2025-07-22T23:50:28.463,2025-08-21T23:50:28.463,2025-07-22T23:50:28.463
efaad94c-7af6-4a64-9087-6ec171ff72a2,aea14467-a491-4c19-9029-f2a2ecc6ac9d,ACTIVE,4fc92686-7e63-41f8-80f7-199c66269dba,2025-07-22T23:50:52.15,2025-08-21T23:50:52.15,2025-07-22T23:50:52.15
7773560c-627b-4967-bd5c-6514fb81e69e,52733dd7-3606-474f-8ec5-e8a4413c6aa9,ACTIVE,4fc92686-7e63-41f8-80f7-199c66269dba,2025-07-22T23:57:39.763,2025-08-21T23:57:39.763,2025-07-22T23:57:39.763
38833cbf-67e5-4590-b2ec-d72485bf0c75,127a12ef-9036-4dc2-a2d3-a7f94df1d925,ACTIVE,4fc92686-7e63-41f8-80f7-199c66269dba,2025-07-23T00:09:27.902,2025-08-22T00:09:27.902,2025-07-23T00:09:27.902
65970970-31fa-4baf-ad4e-6532c52d3769,c7b5641a-3a0e-470d-92fa-10b03ccfa7c8,ACTIVE,01146fd4-43f3-4814-b573-963ac0864017,2025-07-23T00:32:09.344,2025-08-22T00:32:09.344,2025-07-23T00:32:09.344
ea2f14fe-4b0a-43e4-aa55-afd0fcc345f8,82c42ae9-a654-4adf-87d0-f6237cdbb225,ACTIVE,4fc92686-7e63-41f8-80f7-199c66269dba,2025-07-23T11:39:29.126,2025-08-22T11:39:29.126,2025-07-23T11:39:29.126
97dc68d1-1d3f-427b-8d75-6a33ed43a324,b727849b-5805-4c83-a9e0-34dfe8162c25,ACTIVE,4fc92686-7e63-41f8-80f7-199c66269dba,2025-07-23T13:10:56.285,2025-08-22T13:10:56.285,2025-07-23T13:10:56.285
820061e5-48fe-4982-8350-16de0fc8c36d,430ad4a0-90b2-46fe-b7ca-b595e4788b25,ACTIVE,4fc92686-7e63-41f8-80f7-199c66269dba,2025-07-23T14:28:17.568,2025-08-22T14:28:17.568,2025-07-23T14:28:17.568
223526e1-c6bc-456e-9891-739ea68086e0,d8ae700c-9996-4918-b298-b5b95eb11474,ACTIVE,4fc92686-7e63-41f8-80f7-199c66269dba,2025-07-23T19:51:30.163,2025-08-22T19:51:30.163,2025-07-23T19:51:30.163
9197925a-7068-4632-8e40-51baee64c110,578dc6b3-262b-4a92-9592-fe60fcb07310,ACTIVE,4fc92686-7e63-41f8-80f7-199c66269dba,2025-07-23T20:07:20.332,2025-08-22T20:07:20.332,2025-07-23T20:07:20.332
af49047c-501d-400b-9b76-8dfcec1efe2b,496630b0-7879-47fd-8f00-4915731cbe8a,ACTIVE,6cd36c22-ecd6-4128-b16d-a9bb8eec74b7,2025-07-23T20:43:08.749,2025-08-22T20:43:08.749,2025-07-23T20:43:08.749
ca5bcd06-db6f-42b0-b1dc-6568889b05b3,234c8183-3833-40c5-af48-86d6283d1c5f,ACTIVE,4fc92686-7e63-41f8-80f7-199c66269dba,2025-07-23T21:02:26.976,2025-08-22T21:02:26.976,2025-07-23T21:02:26.976
0cf51acb-a10a-4dfb-a959-ca7687e45281,721362b2-ff71-4010-86b3-c4062a7ac83e,ACTIVE,4fc92686-7e63-41f8-80f7-199c66269dba,2025-07-24T00:32:37.89,2025-08-23T00:32:37.89,2025-07-24T00:32:37.89
f07062ef-02ac-414f-a7b5-3f136742d463,594f65ec-075a-40a7-8b77-d8239989bdfe,ACTIVE,647d22df-7a22-46b6-ae3d-c7e2687417dd,2025-07-24T00:55:24.611,2025-08-23T00:55:24.611,2025-07-24T00:55:24.611
13964c67-91c2-466e-b190-9fee17cee337,f88c1a3c-6081-4258-9e3f-6fe691fe0b8d,ACTIVE,4fc92686-7e63-41f8-80f7-199c66269dba,2025-07-24T05:47:34.162,2025-08-23T05:47:34.162,2025-07-24T05:47:34.162
0d7e047d-4740-4819-be4c-2d1df393e0fc,7920da76-1c5c-4430-a5c9-406268fe0411,ACTIVE,4fc92686-7e63-41f8-80f7-199c66269dba,2025-07-24T07:58:10.171,2025-08-23T07:58:10.171,2025-07-24T07:58:10.171
b0652f4b-6513-4fb4-b596-9b11a0ab520a,dd52ffa8-d9a4-4244-9cf0-e6fc35eaffc6,ACTIVE,4fc92686-7e63-41f8-80f7-199c66269dba,2025-07-24T13:34:17.885,2025-08-23T13:34:17.885,2025-07-24T13:34:17.885
6559e44d-7212-42fd-a19a-2dbcc44e686c,3cd6501c-f6d6-402e-803f-9e36aae7b738,ACTIVE,4fc92686-7e63-41f8-80f7-199c66269dba,2025-07-24T17:28:18.646,2025-08-23T17:28:18.646,2025-07-24T17:28:18.646
12bcc865-7d35-4294-866d-02668cf73936,ffec2208-2d2b-4206-ae92-4ed5f2cb6930,ACTIVE,4fc92686-7e63-41f8-80f7-199c66269dba,2025-07-24T18:18:21.337,2025-08-23T18:18:21.337,2025-07-24T18:18:21.337
012375c0-1588-4723-bc09-c220094bdf64,70d2dce1-a13b-448d-87e1-5f92189ccd1a,ACTIVE,4fc92686-7e63-41f8-80f7-199c66269dba,2025-07-24T19:15:22.25,2025-08-23T19:15:22.25,2025-07-24T19:15:22.25
42522d8f-4cbf-4a86-87af-b7d556dc1202,80f851c6-8280-4ac7-9c9a-205a7e6121ce,ACTIVE,4fc92686-7e63-41f8-80f7-199c66269dba,2025-07-24T19:42:54.619,2025-08-23T19:42:54.619,2025-07-24T19:42:54.619
5f1ef192-b2b8-46b2-9334-4d1ce757ad43,d3b0816b-49e5-47b6-b379-caeeb8dec869,ACTIVE,4fc92686-7e63-41f8-80f7-199c66269dba,2025-07-24T20:11:20.853,2025-08-23T20:11:20.853,2025-07-24T20:11:20.853
b29aa6e3-d5fd-4703-a734-5957e03f9f36,f7f24227-4622-4dd2-af2b-ef868b074cd4,ACTIVE,4fc92686-7e63-41f8-80f7-199c66269dba,2025-07-24T21:49:04.704,2025-08-23T21:49:04.704,2025-07-24T21:49:04.704
fb6b1cbb-1669-4295-a504-5a0db60eb514,080e2f07-3a7c-4e29-94ca-a9eabfada3b8,ACTIVE,4fc92686-7e63-41f8-80f7-199c66269dba,2025-07-25T01:10:01.82,2025-08-24T01:10:01.82,2025-07-25T01:10:01.82
aa4e8019-af05-4308-aecf-d91097f877a2,3b6270ac-16c0-46a2-95d5-1d62a030ed64,ACTIVE,4fc92686-7e63-41f8-80f7-199c66269dba,2025-07-25T03:33:22.825,2025-08-24T03:33:22.825,2025-07-25T03:33:22.825
5e42f362-c4f7-4cd0-805f-e4aad695a1f1,c979645a-0b52-4fb5-ac49-5479458ce592,ACTIVE,4fc92686-7e63-41f8-80f7-199c66269dba,2025-07-25T19:29:02.29,2025-08-24T19:29:02.29,2025-07-25T19:29:02.29
1a652ed9-eb4a-4b8f-aa01-eede95f3973c,bef47159-622e-4c98-82c1-3d9ea6b8c642,ACTIVE,4fc92686-7e63-41f8-80f7-199c66269dba,2025-07-25T19:48:07.097,2025-08-24T19:48:07.097,2025-07-25T19:48:07.097
fe09dd82-7e08-4a16-b450-162f0355d078,4934b7cc-a277-4401-80bd-22fdef46070b,ACTIVE,4fc92686-7e63-41f8-80f7-199c66269dba,2025-07-25T20:35:00.146,2025-08-24T20:35:00.146,2025-07-25T20:35:00.146
5ed41483-0c48-46ba-a9ce-d19a519f6e78,987a7aad-1ec9-45d5-9168-1ddef9cd1e20,ACTIVE,4fc92686-7e63-41f8-80f7-199c66269dba,2025-07-25T20:36:35.573,2025-08-24T20:36:35.573,2025-07-25T20:36:35.573
ed3dc924-29cf-43cd-bc7a-ea620c5a5689,a806ed27-52b0-4bb3-ba5a-e214aeb45c23,ACTIVE,4fc92686-7e63-41f8-80f7-199c66269dba,2025-07-26T01:16:30.325,2025-08-25T01:16:30.325,2025-07-26T01:16:30.325
3d57caf6-dba0-4572-8cb9-42cecbd0b239,7b71e5bc-7f30-4001-b142-623e95121eed,ACTIVE,4fc92686-7e63-41f8-80f7-199c66269dba,2025-07-26T15:53:16.455,2025-08-25T15:53:16.455,2025-07-26T15:53:16.455
f91fcd68-25f7-4d87-a9dc-5c2533f6a2bc,591e99fb-7dca-451a-8874-fab71414bb47,ACTIVE,4fc92686-7e63-41f8-80f7-199c66269dba,2025-07-27T09:37:20.992,2025-08-26T09:37:20.992,2025-07-27T09:37:20.992
8e44c3d6-6209-4fc5-85de-3fb9b67c479a,11966d39-6ffd-4241-8bfa-785f6619f08f,ACTIVE,4fc92686-7e63-41f8-80f7-199c66269dba,2025-07-28T02:04:39.309,2025-08-27T02:04:39.309,2025-07-28T02:04:39.309
f3004d10-621a-4013-8a15-1b0bfa5565ce,aec0b730-0063-412a-a076-84d8ac1c84bd,ACTIVE,5ccbc285-40a3-4fcd-a4df-f7a73aaf3c2c,2025-05-15T18:03:59.476,2025-08-14T18:03:59.476,2025-05-15T18:03:59.476
a60046b1-3774-4bcf-a4e9-0ebc5c76d141,80046e4b-f9b8-488a-8169-68f0218352e0,ACTIVE,6cd36c22-ecd6-4128-b16d-a9bb8eec74b7,2025-05-13T13:32:58.558,2026-01-28T13:32:58.558,2025-05-13T13:32:58.558
b84d5b76-3ae3-4557-a0ba-13c54c84552c,beb0b2a2-e504-47c7-b3c0-59e90d62b885,ACTIVE,6cd36c22-ecd6-4128-b16d-a9bb8eec74b7,2025-05-13T13:32:58.558,2026-01-28T13:32:58.558,2025-05-13T13:32:58.558
cd51653e-61e2-48fd-a478-c2a51b1f71f7,ec0f4797-9dcc-4132-91b0-d5780ac6cdec,ACTIVE,6cd36c22-ecd6-4128-b16d-a9bb8eec74b7,2025-05-13T13:32:58.558,2026-01-28T13:32:58.558,2025-05-13T13:32:58.558
5d4f7eb5-e949-4cb5-ac86-21f8c9ab08ab,c140450a-8f7f-4803-846e-11e6f6f1a901,ACTIVE,6cd36c22-ecd6-4128-b16d-a9bb8eec74b7,2025-05-13T13:32:58.558,2026-01-28T13:32:58.558,2025-05-13T13:32:58.558
ec65e50f-c104-4e2a-8e29-ead5b3e6db48,6ab32baf-4726-4b5c-aaef-f80d48328c73,ACTIVE,4fc92686-7e63-41f8-80f7-199c66269dba,2025-07-28T13:43:45.309,2025-08-27T13:43:45.309,2025-07-28T13:43:45.309
20634b06-ef65-46ef-88b8-51034d1e0986,78945850-fa4b-4761-9d30-9fd0a57f363b,ACTIVE,4fc92686-7e63-41f8-80f7-199c66269dba,2025-07-28T14:12:46.469,2025-08-27T14:12:46.469,2025-07-28T14:12:46.469
6ae91509-0ec5-4e58-b892-acfc080ee9eb,d6edfae6-8159-4768-b602-d78dd5f93756,ACTIVE,4fc92686-7e63-41f8-80f7-199c66269dba,2025-07-28T16:07:38.231,2025-08-27T16:07:38.231,2025-07-28T16:07:38.231
b9bb57ca-0d82-4179-ae6d-a70da126f298,030da91d-5287-4d0d-8d40-bebe93830ce0,ACTIVE,4fc92686-7e63-41f8-80f7-199c66269dba,2025-07-28T16:38:14.475,2025-08-27T16:38:14.475,2025-07-28T16:38:14.475
4f4fa214-da4a-4eb8-89a3-58c6c579b1dd,2c3ae809-0e30-488a-8ffb-0d4d3b80f0d6,ACTIVE,4fc92686-7e63-41f8-80f7-199c66269dba,2025-07-29T01:28:08.049,2025-08-28T01:28:08.049,2025-07-29T01:28:08.049
2bf8c035-14c0-4ffd-8755-a0f5c956062b,1be92d1d-ce09-4049-aaf0-06bbbe474341,ACTIVE,4fc92686-7e63-41f8-80f7-199c66269dba,2025-07-30T02:43:20.405,2025-08-29T02:43:20.405,2025-07-30T02:43:20.405
267b943c-9b61-42f0-8e22-e14416bf7a01,f19529e0-8150-48d2-b2a3-dfa5a01712e6,ACTIVE,6cd36c22-ecd6-4128-b16d-a9bb8eec74b7,2025-08-30T13:32:58.558,2026-01-30T13:32:58.558,2025-07-30T00:26:00.601
90b18b08-8c0d-44b5-bbca-556e08dd89d6,043b1aa3-83c8-41d1-a67d-5c1967d053a9,ACTIVE,6cd36c22-ecd6-4128-b16d-a9bb8eec74b7,2025-08-30T13:32:58.558,2026-01-30T13:32:58.558,2025-07-30T00:26:00.974
eb0a391a-7345-418b-bf99-9a5e7ff26094,de2a31f8-01a1-4693-9753-340b4ff7075b,ACTIVE,4fc92686-7e63-41f8-80f7-199c66269dba,2025-07-30T13:17:36.417,2025-08-29T13:17:36.417,2025-07-30T13:17:36.417
6652b7b2-82d2-42a9-bda2-0883423e00b9,75cd5cbd-7099-496b-a9dd-a36a78f2d035,ACTIVE,4fc92686-7e63-41f8-80f7-199c66269dba,2025-07-30T14:11:59.202,2025-08-29T14:11:59.202,2025-07-30T14:11:59.202
850a694b-a711-49c8-bfed-2c89b9393d45,30e8216c-c44d-49a8-af04-5eadd7fab08a,ACTIVE,4fc92686-7e63-41f8-80f7-199c66269dba,2025-07-30T17:12:01.045,2025-08-29T17:12:01.045,2025-07-30T17:12:01.045
c447466b-e376-40da-881a-496e9b679d8c,67f2caaf-bda2-473f-ba1c-4d78ac2349d7,ACTIVE,4fc92686-7e63-41f8-80f7-199c66269dba,2025-07-30T18:50:36.294,2025-08-29T18:50:36.294,2025-07-30T18:50:36.294
e8ed18a6-2afa-405b-8880-38da02b591cd,32217e6f-fa92-4a96-a620-9b25ad9bce6a,ACTIVE,4fc92686-7e63-41f8-80f7-199c66269dba,2025-07-30T18:55:07.784,2025-08-29T18:55:07.784,2025-07-30T18:55:07.784
39c92cd1-1935-46ab-a8de-a3f119e07b6e,dda92bac-eedb-4b5d-af7b-15ece8511ab7,ACTIVE,5ccbc285-40a3-4fcd-a4df-f7a73aaf3c2c,2025-07-30T20:03:31.178,2025-08-29T20:03:31.178,2025-07-30T20:03:31.178
160872f2-0881-43a2-b595-22541284abc8,4fd8c42a-04e3-44a4-b6d5-51c2348b281c,ACTIVE,4fc92686-7e63-41f8-80f7-199c66269dba,2025-07-30T20:09:23.562,2025-08-29T20:09:23.562,2025-07-30T20:09:23.562
3179e036-f9b3-45ac-ba4f-165d9330124a,bef47159-622e-4c98-82c1-3d9ea6b8c642,ACTIVE,5ccbc285-40a3-4fcd-a4df-f7a73aaf3c2c,2025-07-30T20:21:40.178,2025-08-29T20:21:40.178,2025-07-30T20:21:40.178
673659eb-7ce7-474a-98e1-f84b61ed5eca,c892d9b5-29ab-4a25-bd70-0ce1d0a5b49a,ACTIVE,4fc92686-7e63-41f8-80f7-199c66269dba,2025-07-30T23:03:40.632,2025-08-29T23:03:40.632,2025-07-30T23:03:40.632
307c0230-3818-45a7-a2d0-aadf6d39962b,59929161-5a06-4859-9418-1078e1a5db93,ACTIVE,4fc92686-7e63-41f8-80f7-199c66269dba,2025-07-31T00:11:49.545,2025-08-30T00:11:49.545,2025-07-31T00:11:49.545
c35dbe17-5ab9-4320-b770-d4254df190da,e89baa11-aa32-4907-bfed-b5b719a543d7,ACTIVE,4fc92686-7e63-41f8-80f7-199c66269dba,2025-07-31T01:59:23.42,2025-08-30T01:59:23.42,2025-07-31T01:59:23.42
8c2745a7-ea5b-4670-a1a8-bbc91883923d,c2f66027-63db-45c4-aaf9-7967dbc152fb,ACTIVE,4fc92686-7e63-41f8-80f7-199c66269dba,2025-07-31T13:12:39.189,2025-08-30T13:12:39.189,2025-07-31T13:12:39.189
58dc17e5-de3b-4b72-9ee4-82595623dc6f,7609f302-3e54-49dd-b742-6000ec04ec50,ACTIVE,4fc92686-7e63-41f8-80f7-199c66269dba,2025-07-31T13:46:15.441,2025-08-30T13:46:15.441,2025-07-31T13:46:15.441
aa663cdd-a0c9-4184-8349-8d684c4376fb,7ae98d6d-1f70-4d9a-94c5-b5905fe8e96f,ACTIVE,4fc92686-7e63-41f8-80f7-199c66269dba,2025-07-31T14:15:43.269,2025-08-30T14:15:43.269,2025-07-31T14:15:43.269
c5ec7669-9e92-4c0f-99fc-dca12e18449e,68c74e7e-ca4a-4aac-89ed-1c8775735565,ACTIVE,4fc92686-7e63-41f8-80f7-199c66269dba,2025-07-31T16:49:18.594,2025-08-30T16:49:18.594,2025-07-31T16:49:18.594
fe08dbab-3c5f-4eb3-b696-0996eafb221c,14ef2d4c-9f88-460f-bbe9-372f702bdcad,ACTIVE,4fc92686-7e63-41f8-80f7-199c66269dba,2025-07-31T17:18:17.537,2025-08-30T17:18:17.537,2025-07-31T17:18:17.537
b4c6138f-793b-41a1-821c-e2edc73683fc,2efae5ad-5b9b-4cf0-8191-6ecc89d534b0,ACTIVE,4fc92686-7e63-41f8-80f7-199c66269dba,2025-07-31T18:34:24.791,2025-08-30T18:34:24.791,2025-07-31T18:34:24.791
00eb7e1f-57c2-42a6-97db-ee8ec3090dec,c3d8a1f7-8982-4520-8e90-8ae4d0fbff92,ACTIVE,4fc92686-7e63-41f8-80f7-199c66269dba,2025-07-31T19:09:40.905,2025-08-30T19:09:40.905,2025-07-31T19:09:40.905
dccf8aed-91e6-4013-ae8c-31629a82b023,01d7c52f-0340-4d02-a94b-a0c71cb4eaf6,ACTIVE,4fc92686-7e63-41f8-80f7-199c66269dba,2025-07-31T20:22:48.673,2025-08-30T20:22:48.673,2025-07-31T20:22:48.673
4ec96885-ff43-4c8b-a0c5-528b9263e969,d7779569-843c-4656-ab4b-471056ee4c1b,ACTIVE,4fc92686-7e63-41f8-80f7-199c66269dba,2025-07-31T20:24:47.304,2025-08-30T20:24:47.304,2025-07-31T20:24:47.304
9c78967b-65fb-4529-b858-0f8bd96b9365,94c6663e-bc26-493d-8d05-8bd3e17a86db,ACTIVE,4fc92686-7e63-41f8-80f7-199c66269dba,2025-07-31T23:54:44.979,2025-08-30T23:54:44.979,2025-07-31T23:54:44.979
ca69a7cd-6721-4880-ba6b-7b0b305f9eb9,0267b7b3-5eac-4484-8ecf-2cfab4bad813,ACTIVE,5ccbc285-40a3-4fcd-a4df-f7a73aaf3c2c,2025-08-01T00:30:23.966,2025-08-31T00:30:23.966,2025-08-01T00:30:23.966
1df39a3f-f2a2-4748-8f5d-d2d39a858a63,b993986d-4cfd-4839-a705-54ab616c4bdd,ACTIVE,4fc92686-7e63-41f8-80f7-199c66269dba,2025-08-01T03:01:02.501,2025-08-31T03:01:02.501,2025-08-01T03:01:02.501
70070896-c112-45e6-8dff-fd05481494d8,8c4ddc26-f991-4ed1-aa4e-2ebf9f0dcecb,ACTIVE,4fc92686-7e63-41f8-80f7-199c66269dba,2025-08-01T03:30:29.535,2025-08-31T03:30:29.535,2025-08-01T03:30:29.535
8ebde4c1-7a81-4cae-8681-7f4e085ec1fb,03f55b4e-570b-4f3d-8b58-36474a812c25,ACTIVE,4fc92686-7e63-41f8-80f7-199c66269dba,2025-08-01T14:18:12.566,2025-08-31T14:18:12.566,2025-08-01T14:18:12.566
ef2c73f5-b105-4de6-a94e-bc255f2fee80,dbf0e93b-0c69-46b2-9685-3f7a9eadb5d8,ACTIVE,4fc92686-7e63-41f8-80f7-199c66269dba,2025-08-01T15:02:40.675,2025-08-31T15:02:40.675,2025-08-01T15:02:40.675
5480947b-2bab-4b46-8a87-10eefe655514,dd7dbb95-8af0-470a-8cdd-3c4ad432d478,ACTIVE,4fc92686-7e63-41f8-80f7-199c66269dba,2025-08-01T17:33:02.548,2025-08-31T17:33:02.548,2025-08-01T17:33:02.548
1d45e582-69bd-40c8-b33e-44823fdb6a48,431c5ce3-6733-4231-8da9-ad273fb733f1,ACTIVE,4fc92686-7e63-41f8-80f7-199c66269dba,2025-08-01T17:59:20.436,2025-08-31T17:59:20.436,2025-08-01T17:59:20.436
7bff0499-a45c-42e1-a129-d4a9c0f9a24b,6f4d43f4-8b0f-47ea-bc54-db7930111e31,ACTIVE,4fc92686-7e63-41f8-80f7-199c66269dba,2025-08-01T18:24:32.253,2025-08-31T18:24:32.253,2025-08-01T18:24:32.253
bff16872-73f3-4412-99f2-6ddea733ab46,1712b5ff-ea41-4137-9c9c-837260fc2feb,ACTIVE,4fc92686-7e63-41f8-80f7-199c66269dba,2025-08-01T18:39:23.475,2025-08-31T18:39:23.475,2025-08-01T18:39:23.475
f3f26d7c-6be9-4f82-b60e-f2c01dff62f9,09ba946e-9bf8-46f2-aa12-a0a7b7160982,ACTIVE,4fc92686-7e63-41f8-80f7-199c66269dba,2025-08-01T18:42:22.633,2025-08-31T18:42:22.633,2025-08-01T18:42:22.633
5a85f4a0-fb34-4e22-865c-4b4f8242f25e,793215d3-703e-4966-a2a3-56f7032bdab0,ACTIVE,4fc92686-7e63-41f8-80f7-199c66269dba,2025-08-01T18:42:41.64,2025-08-31T18:42:41.64,2025-08-01T18:42:41.64
b0f53d08-4c85-433f-adbd-1f61e4830793,a791e6f9-ec90-4796-806b-552173ec3bde,ACTIVE,4fc92686-7e63-41f8-80f7-199c66269dba,2025-08-01T18:43:33.172,2025-08-31T18:43:33.172,2025-08-01T18:43:33.172
5552c6d1-0168-4b53-8bea-8d4f29051dc4,bf788192-d8fa-44bf-a4bc-aeb2a3c1b59b,ACTIVE,4fc92686-7e63-41f8-80f7-199c66269dba,2025-08-01T18:44:15.092,2025-08-31T18:44:15.092,2025-08-01T18:44:15.092
1ab23f52-7afe-4c12-bf8f-53be9ab10ceb,c5d4a028-42d5-4c1e-ab9e-852eb57081bd,ACTIVE,4fc92686-7e63-41f8-80f7-199c66269dba,2025-08-01T18:46:10.704,2025-08-31T18:46:10.704,2025-08-01T18:46:10.704
a4c61458-9d05-4821-9294-3369ad268091,8e05c1ad-b4d2-4307-9976-0748977238cf,ACTIVE,4fc92686-7e63-41f8-80f7-199c66269dba,2025-08-01T18:46:49.452,2025-08-31T18:46:49.452,2025-08-01T18:46:49.452
4162351a-8679-4229-ae49-5bac8223b009,237dc586-bf05-4eb5-a4bd-68a52d739545,ACTIVE,4fc92686-7e63-41f8-80f7-199c66269dba,2025-08-01T18:48:22.989,2025-08-31T18:48:22.989,2025-08-01T18:48:22.989
7595e462-e24b-47e9-8a95-a6b9f22df6c1,999e0bbb-440f-41ef-9e0a-45fe1e7ea4fe,ACTIVE,4fc92686-7e63-41f8-80f7-199c66269dba,2025-08-01T18:49:16.768,2025-08-31T18:49:16.768,2025-08-01T18:49:16.768
5ba4e3ad-1bc3-409f-8197-d74e83e02a5a,fa875a7b-dbe0-4530-885b-3fe83dda05e5,ACTIVE,4fc92686-7e63-41f8-80f7-199c66269dba,2025-08-01T18:51:16.967,2025-08-31T18:51:16.967,2025-08-01T18:51:16.967
95d0d82d-b875-424c-8f07-dd0bc49fe04f,6b76fee0-8dc2-4494-8897-144ff586bf30,ACTIVE,4fc92686-7e63-41f8-80f7-199c66269dba,2025-08-01T18:53:15.821,2025-08-31T18:53:15.821,2025-08-01T18:53:15.821
340f3482-800c-4245-ad76-1e2602a40c6a,28fc8de2-4890-45ba-b0f4-f4c6da857591,ACTIVE,4fc92686-7e63-41f8-80f7-199c66269dba,2025-08-01T18:53:24.969,2025-08-31T18:53:24.969,2025-08-01T18:53:24.969
2f842602-cd98-4908-b6ca-a3bc02e2f9cc,74e67e2c-f8a4-4408-a648-9cf587c09f5a,ACTIVE,4fc92686-7e63-41f8-80f7-199c66269dba,2025-08-01T18:54:30.831,2025-08-31T18:54:30.831,2025-08-01T18:54:30.831
e52d15da-ada3-48d8-acaf-5eb7042d1635,0106c966-33ef-463e-acb3-fdaf9a848386,ACTIVE,4fc92686-7e63-41f8-80f7-199c66269dba,2025-08-01T18:54:34.895,2025-08-31T18:54:34.895,2025-08-01T18:54:34.895
1f553eee-f68e-40a9-a835-a5c3cd8a00e9,b81c9e11-2643-4bac-9d2f-f10238be710c,ACTIVE,4fc92686-7e63-41f8-80f7-199c66269dba,2025-08-01T18:55:16.91,2025-08-31T18:55:16.91,2025-08-01T18:55:16.91
43450a41-3ba6-4abe-9db5-dcf7a3c821b9,223a8c31-a73d-4e29-b57a-e188d1070646,ACTIVE,4fc92686-7e63-41f8-80f7-199c66269dba,2025-08-01T18:56:00.205,2025-08-31T18:56:00.205,2025-08-01T18:56:00.205
66c477f0-49d4-43c8-9049-d130e8caabeb,4aa2781f-69a5-4a37-8e6d-d35fd046070e,ACTIVE,4fc92686-7e63-41f8-80f7-199c66269dba,2025-08-01T18:58:08.303,2025-08-31T18:58:08.303,2025-08-01T18:58:08.303
968674a0-48f1-47aa-8ffc-9e859e77a6db,7b57e8a6-0ee3-4ce5-b526-c62cea260c80,ACTIVE,4fc92686-7e63-41f8-80f7-199c66269dba,2025-08-01T18:58:51.135,2025-08-31T18:58:51.135,2025-08-01T18:58:51.135
019a7107-fcd8-4cd5-bd43-bc0dd1684cfb,85f790da-52cd-4984-b1ae-91d18f9ecac9,ACTIVE,4fc92686-7e63-41f8-80f7-199c66269dba,2025-08-01T18:59:39.107,2025-08-31T18:59:39.107,2025-08-01T18:59:39.107
bddce2bd-7c89-419b-8a20-e5588ef7b7cc,7bf2b709-4df8-4fac-abe8-f76669c62f9d,ACTIVE,4fc92686-7e63-41f8-80f7-199c66269dba,2025-08-01T19:03:01.817,2025-08-31T19:03:01.817,2025-08-01T19:03:01.817
b7fef8fd-503c-4fba-a291-10a499af4844,004a11f4-abc1-4b18-930b-e567df5ca741,ACTIVE,4fc92686-7e63-41f8-80f7-199c66269dba,2025-08-01T19:03:45.4,2025-08-31T19:03:45.4,2025-08-01T19:03:45.4
4785167f-2745-44b9-9794-1c48047420da,ccb235af-7011-4c87-a79d-fdebff296c86,ACTIVE,4fc92686-7e63-41f8-80f7-199c66269dba,2025-08-01T19:05:55.323,2025-08-31T19:05:55.323,2025-08-01T19:05:55.323
62bbddc5-2247-4fab-b5d6-ed4918b680ae,ab0a5d6c-167c-4b4f-a94d-e1b849c229b1,ACTIVE,4fc92686-7e63-41f8-80f7-199c66269dba,2025-08-01T19:09:45.681,2025-08-31T19:09:45.681,2025-08-01T19:09:45.681
5a06da85-4368-437a-94aa-8700e604edec,7b7c215c-fc18-47ba-922c-f7aef977cb4a,ACTIVE,4fc92686-7e63-41f8-80f7-199c66269dba,2025-08-01T19:31:41.404,2025-08-31T19:31:41.404,2025-08-01T19:31:41.404
b905e894-ea26-4fe8-bb16-b43633735f24,0cf88fa0-228a-46df-95d6-17e8f2ac2442,ACTIVE,4fc92686-7e63-41f8-80f7-199c66269dba,2025-08-01T19:40:39.08,2025-08-31T19:40:39.08,2025-08-01T19:40:39.08
6efa5cac-2618-4027-b443-b7e9979e7e98,2890c37e-d800-42bf-9638-af6845579232,ACTIVE,4fc92686-7e63-41f8-80f7-199c66269dba,2025-08-01T19:42:08.275,2025-08-31T19:42:08.275,2025-08-01T19:42:08.275
a253c29e-b29f-4578-821c-447173b9ba6f,5fe369fd-3a9d-49f4-a906-df6a78c5a11f,ACTIVE,4fc92686-7e63-41f8-80f7-199c66269dba,2025-08-01T20:01:39.027,2025-08-31T20:01:39.027,2025-08-01T20:01:39.027
fb89ffaa-dbd3-46c5-a952-f95c3766ee22,85ba511e-aa28-4294-acaa-627ec6640868,ACTIVE,4fc92686-7e63-41f8-80f7-199c66269dba,2025-08-01T20:05:10.497,2025-08-31T20:05:10.497,2025-08-01T20:05:10.497
aaf21e6d-a281-43f0-b615-2fbfc58ad84f,dd1d570f-f91e-4de2-8634-6c2196f2c876,ACTIVE,4fc92686-7e63-41f8-80f7-199c66269dba,2025-08-01T20:14:48.537,2025-08-31T20:14:48.537,2025-08-01T20:14:48.537
a6030ffd-f7fc-4725-999c-0011d1737726,a7b6e230-2aeb-4909-b452-570a53e9db89,ACTIVE,4fc92686-7e63-41f8-80f7-199c66269dba,2025-08-01T20:22:14.103,2025-08-31T20:22:14.103,2025-08-01T20:22:14.103
b2c52c48-a52a-45dd-956d-59f03afc394b,55addd4b-6f6e-4992-a325-a4faf2348872,ACTIVE,4fc92686-7e63-41f8-80f7-199c66269dba,2025-08-01T20:41:02.192,2025-08-31T20:41:02.192,2025-08-01T20:41:02.192
7516a2f5-48d7-4fc7-9a88-d650b21da94f,ae303c7a-a3ff-4109-8c43-0eff8d9360cd,ACTIVE,4fc92686-7e63-41f8-80f7-199c66269dba,2025-08-01T23:36:09.259,2025-08-31T23:36:09.259,2025-08-01T23:36:09.259
84cedea1-9acb-42bc-8cc3-d993838b6488,98750556-7530-421d-a98c-b913694a373f,ACTIVE,4fc92686-7e63-41f8-80f7-199c66269dba,2025-08-02T13:51:10.09,2025-09-01T13:51:10.09,2025-08-02T13:51:10.09
25b3abd1-28e7-442c-badd-a289d82d5da2,7920da76-1c5c-4430-a5c9-406268fe0411,ACTIVE,5ccbc285-40a3-4fcd-a4df-f7a73aaf3c2c,2025-08-02T21:16:53.395,2025-09-01T21:16:53.395,2025-08-02T21:16:53.395
f5fd8476-b417-45b4-8c4c-9fe02578b01d,b1d73824-87d0-4408-a84e-54acae8d6578,ACTIVE,4fc92686-7e63-41f8-80f7-199c66269dba,2025-08-03T18:13:12.655,2025-09-02T18:13:12.655,2025-08-03T18:13:12.655
b957e802-0db7-42e6-bf35-a6dbac266e6e,fe7b62d8-2a5a-461e-b87d-4d2f5033396d,ACTIVE,4fc92686-7e63-41f8-80f7-199c66269dba,2025-08-04T13:22:03.813,2025-09-03T13:22:03.813,2025-08-04T13:22:03.813
e3d818ba-6f5f-4028-9715-649612fbeecd,654ffd40-fcf1-4124-a2e8-0230201b2853,ACTIVE,4fc92686-7e63-41f8-80f7-199c66269dba,2025-08-04T16:09:08.088,2025-09-03T16:09:08.088,2025-08-04T16:09:08.088
1a40b35e-1509-4e33-9110-f49b4d51efe0,44e3a038-4f4c-4e55-86d4-8b4b701c9211,ACTIVE,4fc92686-7e63-41f8-80f7-199c66269dba,2025-08-04T18:20:38.539,2025-09-03T18:20:38.54,2025-08-04T18:20:38.54
6a19c995-f784-40f5-aa05-c1fd5bcb3009,04fac541-1323-4e2d-9cd2-c4b0106e7c23,ACTIVE,4fc92686-7e63-41f8-80f7-199c66269dba,2025-08-04T19:01:57.105,2025-09-03T19:01:57.105,2025-08-04T19:01:57.105
a7c85e03-6c83-4995-917e-d027a999b946,17d1871c-74ad-491b-a034-ee8e443912bb,ACTIVE,2add3aba-7923-43f6-8ee2-699b4e299110,2025-08-04T19:02:24.135,2025-09-03T19:02:24.135,2025-08-04T19:02:24.135
85b3458f-79ab-48dc-9a06-4e2ce5878347,17d1871c-74ad-491b-a034-ee8e443912bb,ACTIVE,4fc92686-7e63-41f8-80f7-199c66269dba,2025-08-04T19:07:20.858,2025-09-03T19:07:20.858,2025-08-04T19:07:20.858
537f5df5-cb8d-4a82-bfe1-968d00a1cedd,fdacde3f-7bd5-4ee4-9fac-739372702371,ACTIVE,4fc92686-7e63-41f8-80f7-199c66269dba,2025-08-05T03:24:04.412,2025-09-04T03:24:04.412,2025-08-05T03:24:04.412
9fa6211f-9c8e-4e8b-892b-8f9d46bae4c7,5a6643a5-99fb-4864-ac40-12e97b3cd93a,ACTIVE,01146fd4-43f3-4814-b573-963ac0864017,2025-08-05T03:46:07.034,2025-09-04T03:46:07.034,2025-08-05T03:46:07.034
bbd72826-f144-4650-a02c-5b979616c9fd,bfa5fe00-366e-432b-8c9b-c63f68eb9eba,ACTIVE,4fc92686-7e63-41f8-80f7-199c66269dba,2025-08-05T14:42:51.267,2025-09-04T14:42:51.267,2025-08-05T14:42:51.267
040778b7-0a24-4a34-af87-fcdbcb1f5324,e725527d-14fd-43ec-b09f-40b8bb3ea69c,ACTIVE,4fc92686-7e63-41f8-80f7-199c66269dba,2025-08-05T14:52:47.511,2025-09-04T14:52:47.511,2025-08-05T14:52:47.511
ce430490-b7db-4a21-85c7-93a1fa8e6738,b2b9e40a-992b-4456-97c1-77fa439961fb,ACTIVE,4fc92686-7e63-41f8-80f7-199c66269dba,2025-08-05T16:48:48.187,2025-09-04T16:48:48.187,2025-08-05T16:48:48.187
a77ecc6e-f981-476a-a32f-85d0cb9735d9,580216ca-8b76-4209-bef7-b658ac595fe6,ACTIVE,4fc92686-7e63-41f8-80f7-199c66269dba,2025-08-05T22:43:15.967,2025-09-04T22:43:15.967,2025-08-05T22:43:15.967
95099135-161d-463b-bf4e-13738d77912f,580216ca-8b76-4209-bef7-b658ac595fe6,ACTIVE,5ccbc285-40a3-4fcd-a4df-f7a73aaf3c2c,2025-08-05T22:44:43.743,2025-09-04T22:44:43.743,2025-08-05T22:44:43.743
197409ff-9aff-4d13-9f19-219da2d00515,f898c727-967e-4462-a2bc-6092813aaab7,ACTIVE,4fc92686-7e63-41f8-80f7-199c66269dba,2025-08-07T21:07:18.06,2025-09-06T21:07:18.06,2025-08-07T21:07:18.06
80fb0121-2341-4eda-a3ba-eaa8ef6e7d69,39f1f26e-e88b-412b-a80e-cf769f7e7215,ACTIVE,4fc92686-7e63-41f8-80f7-199c66269dba,2025-08-07T21:14:04.615,2025-09-06T21:14:04.615,2025-08-07T21:14:04.615
0c5df0d6-df4d-4dca-96c6-00088d37f86e,eddce1ae-015f-4782-a2ef-ad43b716dfd8,ACTIVE,4fc92686-7e63-41f8-80f7-199c66269dba,2025-08-07T21:16:45.498,2025-09-06T21:16:45.498,2025-08-07T21:16:45.498
509da870-05a3-46f9-8a68-41f4ed7b21ce,87d25b47-d404-400f-912d-2da48cd23d17,ACTIVE,4fc92686-7e63-41f8-80f7-199c66269dba,2025-08-07T21:57:00.465,2025-09-06T21:57:00.465,2025-08-07T21:57:00.465
02c332bc-e107-4a4e-a931-1bc2878d0f4a,286fccf6-57f6-433c-8dd5-a37c1c909a6b,ACTIVE,4fc92686-7e63-41f8-80f7-199c66269dba,2025-08-07T22:25:24.439,2025-09-06T22:25:24.439,2025-08-07T22:25:24.439
8caafa8d-7686-4043-9694-65447ffb8a2f,b357ba0c-61d8-48e0-9e71-3a4d49695f64,ACTIVE,4fc92686-7e63-41f8-80f7-199c66269dba,2025-08-07T23:08:34.041,2025-09-06T23:08:34.041,2025-08-07T23:08:34.041
27be9e16-7e84-4f93-ad15-76a527b30edc,c919f93c-8beb-4ef8-8b0b-a7b9479a5d03,ACTIVE,4fc92686-7e63-41f8-80f7-199c66269dba,2025-08-07T23:27:07.727,2025-09-06T23:27:07.727,2025-08-07T23:27:07.727
46189329-ae43-4eac-aee9-33dad59bf42d,e188dfc9-f28c-46eb-8c07-b4b9f97edab9,ACTIVE,4fc92686-7e63-41f8-80f7-199c66269dba,2025-08-07T23:56:04.55,2025-09-06T23:56:04.55,2025-08-07T23:56:04.55
52dc1b02-610d-4d21-b912-4f3e2cb6e6d8,8fd23757-47e4-477a-947b-bee1b5c6183e,ACTIVE,4fc92686-7e63-41f8-80f7-199c66269dba,2025-08-08T00:03:08.821,2025-09-07T00:03:08.821,2025-08-08T00:03:08.821
a5ec243e-add6-4c2a-b7bc-3edb83f433f3,07c89eaf-1d31-4aaa-b22e-a66868d60714,ACTIVE,4fc92686-7e63-41f8-80f7-199c66269dba,2025-08-08T00:05:35.336,2025-09-07T00:05:35.336,2025-08-08T00:05:35.336
3a0e3d62-a56e-4fab-85d2-6ffe7ca4550a,521d7255-251c-4a64-aec6-8dd16ea1eb39,ACTIVE,4fc92686-7e63-41f8-80f7-199c66269dba,2025-08-08T00:11:22.338,2025-09-07T00:11:22.338,2025-08-08T00:11:22.338
4cf4eef7-4871-4a08-b74b-c3b5dece28c3,dcb4c8ef-cbeb-4748-a6c5-c5d7a1bbc96b,ACTIVE,4fc92686-7e63-41f8-80f7-199c66269dba,2025-08-08T00:15:54.153,2025-09-07T00:15:54.153,2025-08-08T00:15:54.153
3563e7d6-05c5-4e1d-b631-60a2c45a72a3,f783aad2-f7c1-45b3-a22c-08be5bc3fc12,ACTIVE,4fc92686-7e63-41f8-80f7-199c66269dba,2025-08-08T00:20:50.373,2025-09-07T00:20:50.373,2025-08-08T00:20:50.373
a4c17d70-6006-4dcc-99bd-71f7def036f3,87a3b767-4c1c-4c09-b804-0e8cd527f4e0,ACTIVE,4fc92686-7e63-41f8-80f7-199c66269dba,2025-08-08T00:21:03.357,2025-09-07T00:21:03.357,2025-08-08T00:21:03.357
ecf3441e-b3d7-4d92-b209-230adaebd409,ec49237b-5ee0-4cbf-9177-ab7f0d002d13,ACTIVE,4fc92686-7e63-41f8-80f7-199c66269dba,2025-08-08T00:27:41.088,2025-09-07T00:27:41.088,2025-08-08T00:27:41.088
7577e1bb-208a-4de0-8c66-534f1b9817a0,beb7b5de-116b-4693-b8f1-721a951f2a87,ACTIVE,4fc92686-7e63-41f8-80f7-199c66269dba,2025-08-08T00:27:42.155,2025-09-07T00:27:42.155,2025-08-08T00:27:42.155
5c1e3274-e350-47eb-bcb7-75b60dcbc2ca,e0eaf5fd-9e08-4b8d-8d9f-1658722755ee,ACTIVE,4fc92686-7e63-41f8-80f7-199c66269dba,2025-08-08T00:32:17.634,2025-09-07T00:32:17.634,2025-08-08T00:32:17.634
c106a118-9047-44d5-97cc-0003919e634b,26c58060-88eb-48d9-9185-97fdb62d1b2c,ACTIVE,4fc92686-7e63-41f8-80f7-199c66269dba,2025-08-08T00:33:12.259,2025-09-07T00:33:12.259,2025-08-08T00:33:12.259
e26b29fb-7113-41c1-9671-228e2ba619bc,c4672e4c-5791-4ba8-b3ac-0153093e05fc,ACTIVE,4fc92686-7e63-41f8-80f7-199c66269dba,2025-08-08T00:51:58.483,2025-09-07T00:51:58.483,2025-08-08T00:51:58.483
e92711e1-0765-4f61-b9fc-725c587bb8cb,e7263a32-22b7-468d-8f63-76d74a1922ae,ACTIVE,4fc92686-7e63-41f8-80f7-199c66269dba,2025-08-08T00:59:27.163,2025-09-07T00:59:27.163,2025-08-08T00:59:27.163
e7ba8957-a3e4-428f-8347-1b5802cd7964,0c2cf785-69cc-428e-a0b4-e0cb31d01dec,ACTIVE,4fc92686-7e63-41f8-80f7-199c66269dba,2025-08-08T01:27:19.862,2025-09-07T01:27:19.862,2025-08-08T01:27:19.862
cb42897c-4d14-4b45-ae43-b8d6bba24b56,e1bc532f-06e9-47df-8bc9-562bb5532094,ACTIVE,4fc92686-7e63-41f8-80f7-199c66269dba,2025-08-08T01:27:59.061,2025-09-07T01:27:59.061,2025-08-08T01:27:59.061
f61b07c6-40a9-444c-aa9b-288120f61d55,522debe0-0cb4-461b-8124-4e7d7a42aa8c,ACTIVE,4fc92686-7e63-41f8-80f7-199c66269dba,2025-08-08T01:28:05.003,2025-09-07T01:28:05.003,2025-08-08T01:28:05.003
6ec244dd-8b76-4bc9-b89a-e0d13104cee8,a61f0bcc-e937-4a41-b52b-f8571b1d979b,ACTIVE,4fc92686-7e63-41f8-80f7-199c66269dba,2025-08-08T01:28:49.587,2025-09-07T01:28:49.587,2025-08-08T01:28:49.587
a34f21a1-3b98-4573-b614-bdb753f97a02,8d15bade-05e2-436f-858d-1be0a7b406e4,ACTIVE,4fc92686-7e63-41f8-80f7-199c66269dba,2025-08-08T01:28:54.051,2025-09-07T01:28:54.051,2025-08-08T01:28:54.051
f218947a-2218-45d5-9105-208cbe005d16,376ba697-d7b6-4900-b40e-19edab1bcbac,ACTIVE,4fc92686-7e63-41f8-80f7-199c66269dba,2025-08-08T01:29:02.107,2025-09-07T01:29:02.107,2025-08-08T01:29:02.107
f0bf9871-31f3-4c92-a38d-1b221918b8ca,6303a918-a324-41aa-b980-552452bbd22b,ACTIVE,4fc92686-7e63-41f8-80f7-199c66269dba,2025-08-08T01:58:56.862,2025-09-07T01:58:56.862,2025-08-08T01:58:56.862
0ff6e5a9-a41c-480e-9c22-5ad9beac3d53,6ee290a6-4130-4336-be24-5c8436af07b3,ACTIVE,01146fd4-43f3-4814-b573-963ac0864017,2025-08-08T03:50:47.667,2025-09-07T03:50:47.667,2025-08-08T03:50:47.667
69bf8e40-ceb7-4a56-9c46-bdd1b3750fd9,5f1fd36c-bdac-40e6-a891-f57f399369e5,ACTIVE,01146fd4-43f3-4814-b573-963ac0864017,2025-08-08T03:52:23.767,2025-09-07T03:52:23.767,2025-08-08T03:52:23.767
da765af9-610d-475e-92f4-1ef878b0205b,5f1fd36c-bdac-40e6-a891-f57f399369e5,ACTIVE,2add3aba-7923-43f6-8ee2-699b4e299110,2025-08-08T03:52:24.279,2025-09-07T03:52:24.279,2025-08-08T03:52:24.279
528196fa-44f0-43d5-a2ab-63f27e03b1c8,eed92c85-3e9c-4cf6-b457-6ca9d0e056ad,ACTIVE,01146fd4-43f3-4814-b573-963ac0864017,2025-08-08T03:52:26.557,2025-09-07T03:52:26.557,2025-08-08T03:52:26.557
b3a07f18-ed8a-41b9-84d5-e84fa90f7ce2,9cff4fdb-8eb1-4ec3-b3a5-26e28868e08c,ACTIVE,4fc92686-7e63-41f8-80f7-199c66269dba,2025-08-08T12:28:01.421,2025-09-07T12:28:01.421,2025-08-08T12:28:01.421
bdace57a-0b8a-463d-9ca2-988192f504f3,6417374d-1929-40a9-bb0e-5a734f5c2378,ACTIVE,4fc92686-7e63-41f8-80f7-199c66269dba,2025-08-08T14:41:02.524,2025-09-07T14:41:02.524,2025-08-08T14:41:02.524
cbc78746-88bc-4762-9b0d-596abe423fbd,96d29685-fbcd-48d1-87aa-ac83184960c3,ACTIVE,647d22df-7a22-46b6-ae3d-c7e2687417dd,2025-08-08T18:14:21.297,2025-09-07T18:14:21.297,2025-08-08T18:14:21.297
1bb34f88-414c-4277-985f-47e214a56a7c,0d2fee1c-cf71-4d4a-a2be-a03a4ee3356c,ACTIVE,4fc92686-7e63-41f8-80f7-199c66269dba,2025-08-09T20:26:51.423,2025-09-08T20:26:51.423,2025-08-09T20:26:51.423
5552569d-5907-4817-8ae8-18718d50a0a7,e559a27f-95db-4079-9a0f-da368c938fba,ACTIVE,4fc92686-7e63-41f8-80f7-199c66269dba,2025-08-09T22:20:44.64,2025-09-08T22:20:44.64,2025-08-09T22:20:44.64
df5730ed-668d-4831-a5e0-33e01afaf2fd,e8da827c-1b02-4b82-af81-8080e1278676,ACTIVE,4fc92686-7e63-41f8-80f7-199c66269dba,2025-08-10T21:34:59.292,2025-09-09T21:34:59.292,2025-08-10T21:34:59.292
52b816c0-2df4-4b06-bf9e-67c9fc2cef5b,285ea74f-b85b-41c6-960c-9407980e5f44,ACTIVE,4fc92686-7e63-41f8-80f7-199c66269dba,2025-08-11T02:05:49.457,2025-09-10T02:05:49.457,2025-08-11T02:05:49.457
dec79b04-2c7c-4a1f-8353-f0efc39a36ce,23250625-3bad-4f6a-bdc2-f33248180011,ACTIVE,4fc92686-7e63-41f8-80f7-199c66269dba,2025-08-11T05:02:09.604,2025-09-10T05:02:09.604,2025-08-11T05:02:09.604
27ab8fe5-75cb-4d79-8a14-51dff272e19d,714569d9-d561-4565-bd7b-8c69951a6fcb,ACTIVE,01146fd4-43f3-4814-b573-963ac0864017,2025-08-11T06:02:42.263,2025-09-10T06:02:42.263,2025-08-11T06:02:42.263
ec5bcd48-b7a8-4ecd-b5b7-1dbc607362b7,099e1e48-6ae2-4ebc-a2b2-4ae509b5f260,ACTIVE,4fc92686-7e63-41f8-80f7-199c66269dba,2025-08-11T22:13:37.776,2025-09-10T22:13:37.776,2025-08-11T22:13:37.776
16dfd7e6-aeb2-4f04-b6f1-7a15c790cc87,fe6aec94-3c97-4195-afb5-544bf8e0059c,ACTIVE,4fc92686-7e63-41f8-80f7-199c66269dba,2025-08-11T22:29:38.285,2025-09-10T22:29:38.285,2025-08-11T22:29:38.285
7a66cf90-1475-40eb-9d21-5457cb84bbb7,fa4357a1-34f6-4fc0-9ca1-9795d3ceac43,ACTIVE,4fc92686-7e63-41f8-80f7-199c66269dba,2025-08-11T22:50:14.83,2025-09-10T22:50:14.83,2025-08-11T22:50:14.83
c667b23f-20d1-4c4e-a008-31c681239057,5f1fd36c-bdac-40e6-a891-f57f399369e5,ACTIVE,6cd36c22-ecd6-4128-b16d-a9bb8eec74b7,2025-08-11T23:07:37.215,2025-09-10T23:07:37.215,2025-08-11T23:07:37.215
6bcf3a5d-442a-4100-8f32-b18836c05a86,5f1fd36c-bdac-40e6-a891-f57f399369e5,ACTIVE,5ccbc285-40a3-4fcd-a4df-f7a73aaf3c2c,2025-08-11T23:10:29.714,2025-09-10T23:10:29.714,2025-08-11T23:10:29.714
b5506042-ea23-454c-bf6d-8343d86c82fa,5f1fd36c-bdac-40e6-a891-f57f399369e5,ACTIVE,5ccbc285-40a3-4fcd-a4df-f7a73aaf3c2c,2025-08-11T23:10:43.21,2025-09-10T23:10:43.21,2025-08-11T23:10:43.21
223ea6e8-b3f1-469d-8aed-648e80a53ac8,5f1fd36c-bdac-40e6-a891-f57f399369e5,ACTIVE,5ccbc285-40a3-4fcd-a4df-f7a73aaf3c2c,2025-08-11T23:10:58.202,2025-09-10T23:10:58.202,2025-08-11T23:10:58.202
1f0c5c10-acc9-4c48-945d-fc601b6bb383,5f1fd36c-bdac-40e6-a891-f57f399369e5,ACTIVE,5ccbc285-40a3-4fcd-a4df-f7a73aaf3c2c,2025-08-11T23:11:13.325,2025-09-10T23:11:13.325,2025-08-11T23:11:13.325
44885797-2276-45ab-90bb-ac4fc5931646,61cea232-1100-4cf8-926f-e4a364243d4c,ACTIVE,4fc92686-7e63-41f8-80f7-199c66269dba,2025-08-12T00:39:03.712,2025-09-11T00:39:03.712,2025-08-12T00:39:03.712
9a833acb-8aca-4b0b-a886-748646a2aa42,61cea232-1100-4cf8-926f-e4a364243d4c,ACTIVE,647d22df-7a22-46b6-ae3d-c7e2687417dd,2025-08-12T00:39:53.703,2025-09-11T00:39:53.703,2025-08-12T00:39:53.703
fb5d239c-463e-4148-9f1b-dfc9cf6eccd7,61cea232-1100-4cf8-926f-e4a364243d4c,ACTIVE,647d22df-7a22-46b6-ae3d-c7e2687417dd,2025-08-12T00:40:08.806,2025-09-11T00:40:08.806,2025-08-12T00:40:08.806
325c104f-57ba-42ec-a2ca-ca6d1294ee00,61cea232-1100-4cf8-926f-e4a364243d4c,ACTIVE,647d22df-7a22-46b6-ae3d-c7e2687417dd,2025-08-12T00:40:20.698,2025-09-11T00:40:20.698,2025-08-12T00:40:20.698
c909f432-6306-489f-b1cf-d014f2e98a5e,405b2f23-e8ce-4d6f-a25d-ba08cf6fda73,ACTIVE,4fc92686-7e63-41f8-80f7-199c66269dba,2025-08-12T01:45:21.914,2025-09-11T01:45:21.914,2025-08-12T01:45:21.914
fb753bc1-dde9-40e0-9442-7e50e9afb814,c0e35808-bc4b-41ff-ba98-4885ace74349,ACTIVE,647d22df-7a22-46b6-ae3d-c7e2687417dd,2025-08-12T14:15:01.33,2025-09-11T14:15:01.33,2025-08-12T14:15:01.33
474b9207-8332-4990-80a7-630475a14ba9,c0e35808-bc4b-41ff-ba98-4885ace74349,ACTIVE,4fc92686-7e63-41f8-80f7-199c66269dba,2025-08-12T14:15:26.567,2025-09-11T14:15:26.567,2025-08-12T14:15:26.567
3539ca03-4461-460b-8632-e016840dd8cb,c0e35808-bc4b-41ff-ba98-4885ace74349,ACTIVE,5ccbc285-40a3-4fcd-a4df-f7a73aaf3c2c,2025-08-12T14:19:43.216,2025-09-11T14:19:43.216,2025-08-12T14:19:43.216
5c0577dc-b181-4a8d-8122-a29f19f47fbb,5f5fd52a-de65-4690-8674-dcf4fc0a8703,ACTIVE,4fc92686-7e63-41f8-80f7-199c66269dba,2025-08-12T14:25:32.316,2025-09-11T14:25:32.316,2025-08-12T14:25:32.316
b21e7001-46fc-4808-bfed-c59e44c109eb,abc5e8e3-d559-46a3-9b87-bd2731be99ba,ACTIVE,4fc92686-7e63-41f8-80f7-199c66269dba,2025-08-12T15:37:08.767,2025-09-11T15:37:08.767,2025-08-12T15:37:08.767
1e0624e0-4ca3-4b83-925b-b4416b6f3359,5bbc601d-d2f7-440b-a712-1d87d6e6ef5c,ACTIVE,4fc92686-7e63-41f8-80f7-199c66269dba,2025-08-12T17:10:01.11,2025-09-11T17:10:01.11,2025-08-12T17:10:01.11
fdec59e8-a8d1-4c91-8662-ac55bc00451c,27fe07ef-8829-4ed8-97b8-6e1e2ed57e75,ACTIVE,4fc92686-7e63-41f8-80f7-199c66269dba,2025-08-12T18:34:37.996,2025-09-11T18:34:37.996,2025-08-12T18:34:37.996
7b9ccb2e-8261-47c2-9d9b-d8c8a086f4a7,bc026c8d-0129-4443-8815-8b8b314677a9,ACTIVE,4fc92686-7e63-41f8-80f7-199c66269dba,2025-08-13T14:52:28.153,2025-09-12T14:52:28.153,2025-08-13T14:52:28.153
7cc2a015-d829-4c7e-b9b0-7e11ab056567,79e5aa6c-405a-451c-b7ad-f5fde43c5cbd,ACTIVE,4fc92686-7e63-41f8-80f7-199c66269dba,2025-08-13T14:52:56.563,2025-09-12T14:52:56.563,2025-08-13T14:52:56.563
c62ec877-40e6-436a-b8b9-3d1d3c73267c,07afcd27-53c5-42d2-8385-b9d54f4fd6b4,ACTIVE,4fc92686-7e63-41f8-80f7-199c66269dba,2025-08-15T17:07:15.938,2025-09-14T17:07:15.938,2025-08-15T17:07:15.938
50725e69-e4a1-4aa4-b005-f4620a910af2,9326a5b5-2218-4a33-a708-e3a82827657a,ACTIVE,4fc92686-7e63-41f8-80f7-199c66269dba,2025-08-16T12:50:26.264,2025-09-15T12:50:26.264,2025-08-16T12:50:26.264
dd580af2-cc48-4cfd-ba1d-2d6d58ed1e8a,b7531944-92d4-4702-99ff-0c2af44689e2,ACTIVE,4fc92686-7e63-41f8-80f7-199c66269dba,2025-08-16T17:23:32.186,2025-09-15T17:23:32.186,2025-08-16T17:23:32.186
55340ec8-91db-4f3c-8555-ef027b13d466,47c99472-fe6c-42ca-a54e-240864e2df28,ACTIVE,4fc92686-7e63-41f8-80f7-199c66269dba,2025-08-18T14:34:25.07,2025-09-17T14:34:25.07,2025-08-18T14:34:25.07
7bff434f-6281-447b-9c42-50a7bab7deae,50afd934-9a8b-45ac-8f2b-cb5c6807cc7f,ACTIVE,4fc92686-7e63-41f8-80f7-199c66269dba,2025-08-18T16:33:51.977,2025-09-17T16:33:51.977,2025-08-18T16:33:51.977
b89ea3c7-1352-4bba-9933-57cf08fb909b,830e8484-1fc8-4b93-b13a-25bad72384bf,ACTIVE,4fc92686-7e63-41f8-80f7-199c66269dba,2025-08-18T17:43:18.272,2025-09-17T17:43:18.272,2025-08-18T17:43:18.272
182d9459-2d62-42b9-8227-b8ebc427e3fb,49f835e6-8bdf-4571-a3dd-9f17b0deb54c,ACTIVE,4fc92686-7e63-41f8-80f7-199c66269dba,2025-08-18T18:42:03.477,2025-09-17T18:42:03.477,2025-08-18T18:42:03.477
be14cf14-1b10-42ec-99a1-df2a72127075,3f1d2720-a925-4484-a526-af12ecd14b77,ACTIVE,4fc92686-7e63-41f8-80f7-199c66269dba,2025-08-18T18:44:54.854,2025-09-17T18:44:54.854,2025-08-18T18:44:54.854
b15df52f-af25-4ee6-b9da-a459af7aad24,1324848c-1200-4665-badf-35376e4c2ff9,ACTIVE,4fc92686-7e63-41f8-80f7-199c66269dba,2025-08-18T19:01:53.152,2025-09-17T19:01:53.152,2025-08-18T19:01:53.152
2dd38f9c-1019-4753-b207-8908db742033,17975580-bf83-40df-aac7-1a3496e04d62,ACTIVE,4fc92686-7e63-41f8-80f7-199c66269dba,2025-08-18T19:17:49.063,2025-09-17T19:17:49.063,2025-08-18T19:17:49.063
3f4f1648-812b-4288-ba87-363da88ff0d4,5a8f3808-0a65-4d37-b379-40f23f4af561,ACTIVE,4fc92686-7e63-41f8-80f7-199c66269dba,2025-08-18T19:41:00.212,2025-09-17T19:41:00.212,2025-08-18T19:41:00.212
826b0e4c-17fa-4ecc-a102-b01b5cab58a1,2ec1d361-26bc-40b0-8bdc-9baf04c0f7fe,ACTIVE,4fc92686-7e63-41f8-80f7-199c66269dba,2025-08-18T21:51:26.077,2025-09-17T21:51:26.077,2025-08-18T21:51:26.077
