ID,User ID,Partner ID,Score,Created At,Updated At
4d98ea33-b2fe-4082-addd-8593b5abeae7,297202bb-1a83-4ae2-af07-183f5b44ff9b,63ad2dd1-8399-4619-b13b-9399ffa0455e,80,2025-06-06T01:20:00.476,2025-06-06T01:20:00.476
1641a986-a19f-4d96-a2cf-981ca45375d2,f1b177c4-89fb-47e3-a2de-57a095ead36f,6a6b3b4f-3afa-43a9-946f-7e51f33738fe,20,2025-06-03T21:31:05.381,2025-06-06T14:56:48.871
a0f8836a-2b2c-49e7-9b19-789d57f13e1e,c0e35808-bc4b-41ff-ba98-4885ace74349,63ad2dd1-8399-4619-b13b-9399ffa0455e,12620,2025-06-13T12:47:00.854,2025-07-08T13:40:00.756
c0b1c6f2-e85e-4ffe-a4c1-746ec9f54803,61b47a71-c614-498f-b36a-0fe2995d56d8,6a6b3b4f-3afa-43a9-946f-7e51f33738fe,0,2025-06-15T12:15:18.938,2025-06-15T12:15:39.853
b0a6ff21-3f07-4047-b58f-5a143748d98c,bd7480a9-7087-40e4-a8ad-73509985dfd7,63ad2dd1-8399-4619-b13b-9399ffa0455e,160,2025-06-06T15:30:00.468,2025-06-06T15:30:00.473
b498912f-cbee-403c-b0d7-8dc8ba6a5e97,04fac541-1323-4e2d-9cd2-c4b0106e7c23,6a6b3b4f-3afa-43a9-946f-7e51f33738fe,1060,2025-06-03T18:44:42.864,2025-08-07T19:50:01.162
49b1958d-0822-4ac0-9bfe-fe274c7ff91e,5345b59c-0941-4020-b593-bc19ce438e7a,63ad2dd1-8399-4619-b13b-9399ffa0455e,3820,2025-06-05T11:10:00.214,2025-07-15T16:12:00.866
36b3e127-864f-43d6-a5da-66b29812d163,9326a5b5-2218-4a33-a708-e3a82827657a,6a6b3b4f-3afa-43a9-946f-7e51f33738fe,1250,2025-06-04T22:20:38.345,2025-08-19T14:14:36.857
0ce10299-f1ef-4135-b95e-6437d64fd944,106edbf6-116d-4f82-b709-ca9973a5b6de,63ad2dd1-8399-4619-b13b-9399ffa0455e,320,2025-06-05T13:20:00.758,2025-06-05T13:20:00.758
fb668c18-be16-44eb-a429-86ca0f0a4a32,ff1f2f89-7c8a-4eaf-9ad6-7af33f26f2b1,6a6b3b4f-3afa-43a9-946f-7e51f33738fe,10,2025-06-03T18:44:30.16,2025-06-03T18:44:30.16
79f4c563-c0d3-4c7b-bd07-e41803003d9b,ff1f2f89-7c8a-4eaf-9ad6-7af33f26f2b1,63ad2dd1-8399-4619-b13b-9399ffa0455e,320,2025-06-03T18:50:00.479,2025-06-03T18:50:00.479
8ade25f0-4494-4920-b945-bb8d58a02f13,df009dd4-547f-44dd-ac8e-89e7f344439d,63ad2dd1-8399-4619-b13b-9399ffa0455e,80,2025-06-05T15:00:00.427,2025-06-05T15:00:00.427
318ef5f1-5341-4cb5-b77c-3306fff67363,bef47159-622e-4c98-82c1-3d9ea6b8c642,63ad2dd1-8399-4619-b13b-9399ffa0455e,1110,2025-06-05T13:50:00.824,2025-08-15T17:41:18.494
fa21027a-41a6-439c-b582-11a964da2c63,f12f8e63-4ffa-47cb-a67c-2aace3bb9bcb,63ad2dd1-8399-4619-b13b-9399ffa0455e,1940,2025-06-06T18:30:00.92,2025-07-22T22:50:01.031
d3b93d9a-4c6e-4dca-bddf-d589fb94ea10,9e54b875-a976-46ab-8e75-f033d60cfeff,63ad2dd1-8399-4619-b13b-9399ffa0455e,160,2025-06-03T19:05:01.033,2025-06-03T19:05:01.033
50def28f-7afe-4da3-8b87-16cd85f89130,87d8eba8-650c-4fd5-9daf-31bc49236a7f,6a6b3b4f-3afa-43a9-946f-7e51f33738fe,10,2025-06-05T17:02:26.914,2025-06-05T17:02:26.914
5c5cbce4-9c6b-4768-ab2c-01b2ff219af6,af91aaca-8cb1-43f5-930d-2d772cf19a84,63ad2dd1-8399-4619-b13b-9399ffa0455e,1720,2025-06-07T14:50:01.037,2025-07-10T18:00:01.519
7db68633-622f-452d-b6a6-3a95969c1f54,574a8c65-2d34-453b-807d-6c69272aed50,63ad2dd1-8399-4619-b13b-9399ffa0455e,3260,2025-06-05T10:49:00.395,2025-07-11T03:00:01.892
a4844db1-2d1d-42cb-9004-5c7cfb75b76c,8bea236b-9bc9-42f9-8d29-fb55172ac1a9,63ad2dd1-8399-4619-b13b-9399ffa0455e,8190,2025-06-03T18:30:00.761,2025-08-19T14:11:58.612
919caef2-4774-490c-8948-a705e0c269f3,87d8eba8-650c-4fd5-9daf-31bc49236a7f,63ad2dd1-8399-4619-b13b-9399ffa0455e,80,2025-06-05T17:10:01.006,2025-06-05T17:10:01.006
9006b689-3bc2-4446-a5fe-188caddb0cd9,f1b177c4-89fb-47e3-a2de-57a095ead36f,63ad2dd1-8399-4619-b13b-9399ffa0455e,720,2025-06-03T21:40:00.499,2025-06-03T21:40:00.512
e709521e-3daf-4015-a686-8cd5db8fc8f6,363782e0-6612-416b-89b4-a718093d527a,63ad2dd1-8399-4619-b13b-9399ffa0455e,1360,2025-06-06T19:00:00.558,2025-06-13T11:40:00.622
f188b8f2-8beb-4b59-9936-12bf5748668c,74d96b19-4efe-4262-a9cd-13e4a107d722,63ad2dd1-8399-4619-b13b-9399ffa0455e,400,2025-06-04T09:40:00.316,2025-06-04T10:00:01.035
6dc68aba-afeb-454e-a5b9-a40129119423,079ca4ce-e561-4f3c-a780-dbd0252470a0,6a6b3b4f-3afa-43a9-946f-7e51f33738fe,10,2025-06-06T08:14:48.136,2025-06-06T08:14:48.136
d85cd505-6916-43d7-833d-9b56f890c22a,079ca4ce-e561-4f3c-a780-dbd0252470a0,63ad2dd1-8399-4619-b13b-9399ffa0455e,80,2025-06-06T08:20:00.313,2025-06-06T08:20:00.313
0e380207-d0e6-440c-8b1b-3d9eea20742a,363782e0-6612-416b-89b4-a718093d527a,6a6b3b4f-3afa-43a9-946f-7e51f33738fe,230,2025-06-06T18:54:19.828,2025-06-30T23:22:00.834
67d084f9-cff6-42eb-aef5-c0d451d32e4d,3f8e804d-e949-4338-b79a-2ebafaebd1ea,6a6b3b4f-3afa-43a9-946f-7e51f33738fe,10,2025-06-06T21:42:26.676,2025-06-06T21:42:26.676
f2f5ce74-16d8-4e24-af4e-480e5855f81a,6618e510-ed38-40b3-b318-ad3f82c1fdcf,6a6b3b4f-3afa-43a9-946f-7e51f33738fe,10,2025-06-15T13:07:18.914,2025-06-15T13:07:18.914
c0947f5a-fbad-4d0c-9dc8-cf29bb4379d6,78d31c22-9ec7-4acf-9f95-cd71549beebc,63ad2dd1-8399-4619-b13b-9399ffa0455e,480,2025-06-05T01:40:00.806,2025-06-05T01:40:00.819
8e816046-cb95-464d-92a7-c28418aac8c2,6655de3c-26c6-4dab-9479-f6186ac8fd87,63ad2dd1-8399-4619-b13b-9399ffa0455e,460,2025-06-05T19:10:00.299,2025-07-09T17:00:01.384
030de1dc-0baa-4bac-a6c4-29200d1e005d,7669b9f6-e95a-4bfb-b7f0-cad9a549b465,63ad2dd1-8399-4619-b13b-9399ffa0455e,180,2025-06-06T08:20:00.313,2025-06-26T18:54:46.655
aac81170-8db9-4a2e-9dc8-c4bcb40a0d31,831d74e5-6429-4e78-afa1-40000ca4a7f2,63ad2dd1-8399-4619-b13b-9399ffa0455e,320,2025-06-06T12:30:00.351,2025-06-06T12:40:00.371
3501a317-fd9a-479f-b6ca-33acee7cf0ee,73ba0989-f7c6-4f03-8532-15a0d157678f,63ad2dd1-8399-4619-b13b-9399ffa0455e,1600,2025-06-10T17:30:00.564,2025-06-10T17:50:00.221
cafc5665-0591-4235-9ee5-115a476ba24f,d44ce289-e3b1-4889-aa1e-912a1a9ac9dc,63ad2dd1-8399-4619-b13b-9399ffa0455e,460,2025-06-03T18:30:00.759,2025-07-17T17:17:01.19
87655246-0e19-4cd0-8ef2-27cb9be54a44,ae020a83-a56f-447f-938f-043285f1aab3,63ad2dd1-8399-4619-b13b-9399ffa0455e,1840,2025-06-06T13:30:00.404,2025-06-15T14:00:00.876
04e9fea5-6c35-4279-867e-6946ac30e0e2,3cbfa044-5428-4295-97da-bb1eeb3b31ae,63ad2dd1-8399-4619-b13b-9399ffa0455e,160,2025-06-10T19:30:00.719,2025-06-10T19:30:00.726
6d5cbbbc-c89a-4574-bbcf-3be4b857a86f,c8d562bc-1d3e-4661-872c-5e990f4a3442,6a6b3b4f-3afa-43a9-946f-7e51f33738fe,10,2025-06-12T12:56:43.997,2025-06-12T12:56:43.997
c9997a82-657a-4e12-bc1a-614fc9d92aab,0d2fee1c-cf71-4d4a-a2be-a03a4ee3356c,6a6b3b4f-3afa-43a9-946f-7e51f33738fe,290,2025-06-05T18:13:48.105,2025-08-09T20:26:39.801
9d686451-2fb4-4135-a702-a82cd3854add,4209a7da-eddf-40f7-8a8d-82f0c8f4f9fb,6a6b3b4f-3afa-43a9-946f-7e51f33738fe,10,2025-06-05T22:36:08.209,2025-06-05T22:36:08.209
c85fb1e7-1a37-4af7-97cf-a1d93a3aa9c7,111914c7-7605-4b3f-927c-541e2c73053a,63ad2dd1-8399-4619-b13b-9399ffa0455e,80,2025-06-06T00:10:00.959,2025-06-06T00:10:00.959
5bcb6c0b-0685-4ef4-a882-a2f9b6e34ee3,8bea236b-9bc9-42f9-8d29-fb55172ac1a9,6a6b3b4f-3afa-43a9-946f-7e51f33738fe,8720,2025-06-03T18:35:55.879,2025-08-12T14:08:47.131
573b339b-48e7-4cb8-bc5c-bda77bd29eb4,d8ae700c-9996-4918-b298-b5b95eb11474,6a6b3b4f-3afa-43a9-946f-7e51f33738fe,2220,2025-06-03T20:17:20.813,2025-08-19T11:57:48.814
4aa05269-6b8f-446f-a187-7ecf659dcf11,e0d22d1e-d25b-49c4-a643-b0c18647a4eb,6a6b3b4f-3afa-43a9-946f-7e51f33738fe,495,2025-06-11T23:07:39.131,2025-08-14T18:07:16.047
e8b74293-cf3d-40a5-917e-225659ff60b1,c8d562bc-1d3e-4661-872c-5e990f4a3442,63ad2dd1-8399-4619-b13b-9399ffa0455e,640,2025-06-12T12:55:00.261,2025-06-12T13:00:00.663
30e6d9ee-cedb-40c7-8f9e-ed8538e4cf90,9e54b875-a976-46ab-8e75-f033d60cfeff,6a6b3b4f-3afa-43a9-946f-7e51f33738fe,465,2025-06-05T11:57:12.122,2025-07-11T17:39:32.783
afac6b50-0550-409e-8ac0-226bce2ce0ae,fe7b62d8-2a5a-461e-b87d-4d2f5033396d,6a6b3b4f-3afa-43a9-946f-7e51f33738fe,1345,2025-06-05T12:03:19.047,2025-08-08T12:49:00.882
4caefac3-5994-4124-80b6-d90831b85723,0d2fee1c-cf71-4d4a-a2be-a03a4ee3356c,63ad2dd1-8399-4619-b13b-9399ffa0455e,320,2025-06-03T18:50:00.477,2025-06-25T19:10:50.638
7ba402d4-6f29-4cd5-8368-5ca5441e1146,4fdf9e6b-29a3-4fdb-b3f8-6ab52fff1a34,63ad2dd1-8399-4619-b13b-9399ffa0455e,560,2025-06-09T20:10:00.24,2025-06-10T14:30:00.401
9ce0cd19-b14d-45be-b784-21065e6c9373,846e3af4-8738-4660-b76b-1b8b851329ed,63ad2dd1-8399-4619-b13b-9399ffa0455e,1820,2025-06-05T19:20:00.537,2025-07-16T11:10:01.08
00570417-60dd-4a2d-a1cb-00aa48b10638,574a8c65-2d34-453b-807d-6c69272aed50,6a6b3b4f-3afa-43a9-946f-7e51f33738fe,10,2025-06-10T16:11:54.371,2025-06-10T16:11:54.371
9999818b-299f-4154-9488-91541e93cb33,b727849b-5805-4c83-a9e0-34dfe8162c25,6a6b3b4f-3afa-43a9-946f-7e51f33738fe,240,2025-06-07T14:28:58.705,2025-08-12T11:11:15.33
9253b607-f42c-4e4d-a5c5-80651858b3aa,48a3c835-8d21-47da-a792-aa6e9e32eceb,6a6b3b4f-3afa-43a9-946f-7e51f33738fe,0,2025-06-15T13:07:06.727,2025-06-15T13:07:34.775
67944534-927f-48ad-8ce8-3393cadb2714,8dbb41a7-36a7-4f85-b584-c3483877db1c,6a6b3b4f-3afa-43a9-946f-7e51f33738fe,0,2025-06-14T12:41:58.021,2025-06-14T13:58:18.886
df312972-1cbe-4e71-ac01-e103c4f3acc0,5a6643a5-99fb-4864-ac40-12e97b3cd93a,6a6b3b4f-3afa-43a9-946f-7e51f33738fe,500,2025-06-10T16:32:07.715,2025-08-15T17:47:01.255
5051e513-80ab-4c04-8a74-5f2317895e51,b61067b2-fa77-4846-a36b-19f57087e18f,63ad2dd1-8399-4619-b13b-9399ffa0455e,960,2025-06-05T16:40:00.925,2025-06-14T18:50:00.138
ce3677fe-4858-4029-b35f-28b632fbd11c,b250da48-75d4-4f71-93aa-7346bf68a7e8,6a6b3b4f-3afa-43a9-946f-7e51f33738fe,0,2025-06-15T13:07:13.534,2025-06-15T13:07:42.364
108ea5ba-7b41-4737-b918-35e6e9e9cc02,6a0230e5-7a15-428c-9e24-b1f619fab13d,6a6b3b4f-3afa-43a9-946f-7e51f33738fe,10,2025-06-15T13:09:02.643,2025-06-15T13:09:02.643
089f8051-cb59-40d3-ba65-8c076addf3df,c3e78c31-5b72-465a-87e9-63147a4823ab,6a6b3b4f-3afa-43a9-946f-7e51f33738fe,30,2025-06-14T13:51:19.246,2025-06-15T15:45:08.403
569ab66d-701c-419f-a3b0-749efc2243e1,e0d22d1e-d25b-49c4-a643-b0c18647a4eb,63ad2dd1-8399-4619-b13b-9399ffa0455e,10,2025-06-06T03:20:00.647,2025-08-14T18:15:48.838
9d3fed12-5033-4d87-84b5-21dc18c5cc20,d8ae700c-9996-4918-b298-b5b95eb11474,63ad2dd1-8399-4619-b13b-9399ffa0455e,3420,2025-06-03T20:30:01.095,2025-08-19T11:57:51.033
2ac74528-68d0-4c7a-a24a-cbdca23740c3,75cd5cbd-7099-496b-a9dd-a36a78f2d035,63ad2dd1-8399-4619-b13b-9399ffa0455e,13500,2025-06-05T17:10:01.004,2025-07-21T19:03:00.72
c0edec8c-2d0d-491e-ba10-08fa0a7bf7ce,1051b6c8-09bb-47a4-9b15-f1e80bc1eb46,63ad2dd1-8399-4619-b13b-9399ffa0455e,560,2025-06-16T17:55:01.296,2025-06-16T18:00:01.033
ee599d04-e690-4402-9c20-b42aaf3f49bd,f7a5f553-894a-4e29-b3c2-9964645e6ed6,63ad2dd1-8399-4619-b13b-9399ffa0455e,320,2025-06-16T18:14:00.946,2025-06-16T18:20:01.235
710cc34c-2af8-491e-8aca-612aca9c9c4e,9326a5b5-2218-4a33-a708-e3a82827657a,63ad2dd1-8399-4619-b13b-9399ffa0455e,1960,2025-06-04T22:30:00.94,2025-08-19T14:31:01.562
ecea0b3b-9abd-4ccd-b77b-ff7cfeca0ad6,800be788-30ea-4181-8cfc-15b4e4900541,63ad2dd1-8399-4619-b13b-9399ffa0455e,320,2025-06-17T17:36:01.3,2025-06-17T17:40:00.746
4193a345-7a47-4aa7-8298-782766f640b5,d44ce289-e3b1-4889-aa1e-912a1a9ac9dc,6a6b3b4f-3afa-43a9-946f-7e51f33738fe,1885,2025-06-03T18:28:40.99,2025-07-17T18:40:01.437
13d61174-e204-48ab-9b0e-b342e6b51065,52bdcbe0-be1a-4b84-85b5-d320edc9e530,6a6b3b4f-3afa-43a9-946f-7e51f33738fe,20,2025-06-12T21:02:16.179,2025-06-18T18:30:21.017
fe69416a-363d-454f-b5cf-57b80cbbedd3,3c504dd1-9e59-40ea-80d3-99c01b77c6a1,63ad2dd1-8399-4619-b13b-9399ffa0455e,680,2025-06-17T19:20:01.093,2025-07-29T21:40:01.074
869351af-a03e-4c74-ac34-bcb835c04ce9,04fac541-1323-4e2d-9cd2-c4b0106e7c23,63ad2dd1-8399-4619-b13b-9399ffa0455e,1520,2025-06-03T18:50:00.478,2025-07-23T14:50:00.981
fe3305dd-7b4d-4e10-975e-597f4a003276,0c5ecac2-de36-43ef-959f-accfa4d8a019,63ad2dd1-8399-4619-b13b-9399ffa0455e,560,2025-06-20T22:00:01.096,2025-06-20T22:10:00.972
5c7731a2-e788-4096-89c1-fbece00deba0,caa7b4fd-524a-4ca1-87ea-0b319df2bf36,6a6b3b4f-3afa-43a9-946f-7e51f33738fe,15,2025-06-22T13:02:12.281,2025-06-22T13:02:17.553
4a095426-f322-43d4-87d1-5701e65cfd19,caa7b4fd-524a-4ca1-87ea-0b319df2bf36,63ad2dd1-8399-4619-b13b-9399ffa0455e,400,2025-06-22T13:00:01.723,2025-06-22T13:10:00.605
16991400-a4a9-4efc-b4d7-ae89f912a77a,c0e35808-bc4b-41ff-ba98-4885ace74349,6a6b3b4f-3afa-43a9-946f-7e51f33738fe,1035,2025-06-09T19:15:11.152,2025-08-13T14:00:07.737
6a624f3c-cad0-4022-9851-d72805d4767b,dda92bac-eedb-4b5d-af7b-15ece8511ab7,6a6b3b4f-3afa-43a9-946f-7e51f33738fe,6270,2025-06-03T17:31:23.002,2025-08-19T12:41:58.507
25e8ca85-7eef-4429-ad00-80347624ba1e,3225a5f8-b91a-43e8-a5f3-e63d6fbe50bc,6a6b3b4f-3afa-43a9-946f-7e51f33738fe,7720,2025-06-16T16:36:19.334,2025-08-19T13:05:42.975
e6ccef7e-34cb-4d32-b26c-f68e20a90e72,2b2eccf8-03b1-4dc5-8855-fca15b656ac0,63ad2dd1-8399-4619-b13b-9399ffa0455e,480,2025-06-23T20:40:00.786,2025-06-23T20:40:00.794
260d88b6-6fe7-4c83-b44d-8f25fc143ea8,c42cc222-3787-4925-8c54-f2273a7edfaa,63ad2dd1-8399-4619-b13b-9399ffa0455e,320,2025-06-25T12:50:00.599,2025-06-25T12:50:00.599
6effa13d-56cb-4942-b6e1-2d692de26943,c1e326d2-ab93-4bf2-9dcf-5f69a0b8a854,6a6b3b4f-3afa-43a9-946f-7e51f33738fe,15,2025-07-05T00:26:46.899,2025-07-05T00:26:48.898
1a66d23f-4eb4-45df-9860-63d933f88a36,fe7b62d8-2a5a-461e-b87d-4d2f5033396d,63ad2dd1-8399-4619-b13b-9399ffa0455e,120,2025-06-27T18:10:00.733,2025-06-27T18:10:00.74
7545c861-66ba-4db2-bcc4-519a6c58f596,98750556-7530-421d-a98c-b913694a373f,63ad2dd1-8399-4619-b13b-9399ffa0455e,4580,2025-07-05T00:20:00.645,2025-07-05T00:53:50.974
50f97b78-4163-4c8b-accb-b975934e6d30,65f44e12-0927-4b40-aec9-344350ce9584,63ad2dd1-8399-4619-b13b-9399ffa0455e,60,2025-06-29T22:30:01.094,2025-06-29T22:30:01.094
39ebe1b4-1b26-4ae4-a54c-a884d0603462,5f1fd36c-bdac-40e6-a891-f57f399369e5,6a6b3b4f-3afa-43a9-946f-7e51f33738fe,8250,2025-07-06T10:04:50.726,2025-08-11T00:42:39.336
95352028-9a11-40df-910e-b6c302d798ca,468adf11-64bc-487d-a6be-5d8cc930ab87,6a6b3b4f-3afa-43a9-946f-7e51f33738fe,15,2025-06-30T12:49:38.348,2025-06-30T12:49:44.604
976b104e-b043-4fc9-b7ed-63cba4336072,468adf11-64bc-487d-a6be-5d8cc930ab87,63ad2dd1-8399-4619-b13b-9399ffa0455e,60,2025-06-30T13:00:02.179,2025-06-30T13:00:02.179
47ae3d63-a004-4944-9866-15fad40b59e3,34831784-f380-4d80-babf-3940c098b242,63ad2dd1-8399-4619-b13b-9399ffa0455e,120,2025-07-02T18:00:01.369,2025-07-02T18:00:01.393
c1773d52-1bb8-4036-bcbc-062fc873926c,2c134a8b-b86e-4a47-ad63-0b78530209bb,63ad2dd1-8399-4619-b13b-9399ffa0455e,120,2025-06-30T16:30:00.878,2025-06-30T16:30:00.898
4f46798a-1ca0-447c-bf06-20c43d56ef09,52733dd7-3606-474f-8ec5-e8a4413c6aa9,63ad2dd1-8399-4619-b13b-9399ffa0455e,11620,2025-07-01T07:30:01.222,2025-08-18T23:02:08.869
f1f9d7a6-d922-4d28-b9c2-47ef26b007ff,2c134a8b-b86e-4a47-ad63-0b78530209bb,6a6b3b4f-3afa-43a9-946f-7e51f33738fe,615,2025-06-30T16:23:09.973,2025-06-30T16:40:00.981
ce32f933-fd0a-4e57-8df7-18b0401248a3,8ef9b3d3-7c85-4b27-8fbb-2b0c15d3c351,6a6b3b4f-3afa-43a9-946f-7e51f33738fe,10,2025-06-30T17:21:59.71,2025-06-30T17:21:59.71
664e7e0f-5740-4045-8a33-7440e4e360a4,825766de-af2c-45cd-b712-5695d6144287,6a6b3b4f-3afa-43a9-946f-7e51f33738fe,315,2025-07-01T12:36:02.422,2025-07-01T12:41:01.103
5707251f-3c81-464e-9283-5f3b229fc70c,825766de-af2c-45cd-b712-5695d6144287,63ad2dd1-8399-4619-b13b-9399ffa0455e,60,2025-07-01T12:50:00.539,2025-07-01T12:50:00.539
f4eb4f52-eccb-4cfe-a9a5-af4236f78f72,34831784-f380-4d80-babf-3940c098b242,6a6b3b4f-3afa-43a9-946f-7e51f33738fe,195,2025-07-02T17:56:27.939,2025-07-02T18:10:00.666
f25cffa6-32ab-448a-bb4d-e15be9836804,98944405-b212-49b1-89ad-3f4433fc0a68,6a6b3b4f-3afa-43a9-946f-7e51f33738fe,100,2025-07-01T01:06:33.328,2025-07-01T14:15:01.382
93c0cd96-de74-44ba-bc04-4d1809ff932c,8350b32a-3e64-4f0a-9fd6-573dd115d6b3,6a6b3b4f-3afa-43a9-946f-7e51f33738fe,10,2025-07-01T14:39:59.835,2025-07-01T14:39:59.835
70266302-d351-40fe-83e2-7532e09186da,5f5fd52a-de65-4690-8674-dcf4fc0a8703,63ad2dd1-8399-4619-b13b-9399ffa0455e,300,2025-07-01T14:50:00.683,2025-08-12T14:30:01.546
f372f862-0769-462d-9f86-b392398aab45,5a6643a5-99fb-4864-ac40-12e97b3cd93a,63ad2dd1-8399-4619-b13b-9399ffa0455e,30240,2025-07-04T21:20:00.646,2025-08-05T03:46:07.049
dea9f514-1627-40ff-b5f0-4484fd3fe041,0845654e-aee9-47aa-95ca-413cf1522cc4,63ad2dd1-8399-4619-b13b-9399ffa0455e,60,2025-07-03T18:10:01.137,2025-07-03T18:10:01.137
4e3c8ffd-8d5d-447b-b945-741c40d85814,65faf022-4bce-4ef2-9d97-7904e986248a,63ad2dd1-8399-4619-b13b-9399ffa0455e,40000,2025-07-08T01:48:01.722,2025-07-08T23:10:00.895
60f36735-48c6-4e9d-8128-90bd7ebf836f,1498842f-c0ba-4cb7-b131-9ecbcc3ee035,6a6b3b4f-3afa-43a9-946f-7e51f33738fe,375,2025-07-01T00:20:51.538,2025-07-01T00:30:01.438
d9f6a9c3-a861-4b44-9f35-b345f4fee760,98944405-b212-49b1-89ad-3f4433fc0a68,63ad2dd1-8399-4619-b13b-9399ffa0455e,120,2025-07-01T01:10:00.672,2025-07-01T01:10:00.682
3bd0a2b5-8ff6-4f69-b190-9188b9cbb1ec,d39c6a4b-15ea-4b55-923e-8bc199701970,6a6b3b4f-3afa-43a9-946f-7e51f33738fe,15,2025-07-01T01:09:53.249,2025-07-01T01:10:02.548
a317ed23-062f-4070-9a7b-e57f04bcd9cc,b86a4023-623c-4976-a379-92a828f8cf30,63ad2dd1-8399-4619-b13b-9399ffa0455e,280,2025-07-01T12:17:01.286,2025-07-02T20:30:01.471
b3a9cb20-bf4c-4516-ae4d-d49c5f5b94e6,eddf4fab-0438-4a55-8def-545de4d71a9f,63ad2dd1-8399-4619-b13b-9399ffa0455e,60,2025-07-01T02:40:00.975,2025-07-01T02:40:00.975
371c77f7-059c-4337-906e-d7db5da5f3b5,53927ad2-2580-4864-8665-9d3cb583bf6f,63ad2dd1-8399-4619-b13b-9399ffa0455e,120,2025-07-05T12:50:00.641,2025-07-05T12:50:00.648
06bb9dac-9e7e-49a1-9eb4-b53b413df63a,6ee290a6-4130-4336-be24-5c8436af07b3,63ad2dd1-8399-4619-b13b-9399ffa0455e,10400,2025-06-23T15:27:00.594,2025-08-08T03:50:47.685
bdbf9878-7ede-4807-aa11-37ee5eaa648b,3c5eeb67-e849-4e06-ad49-bbf6eb2115b6,6a6b3b4f-3afa-43a9-946f-7e51f33738fe,530,2025-06-30T23:31:31.312,2025-07-10T17:34:03.542
ba009602-9f6c-4eec-80c1-b661e7cb734c,3c5eeb67-e849-4e06-ad49-bbf6eb2115b6,63ad2dd1-8399-4619-b13b-9399ffa0455e,120,2025-07-01T03:10:00.96,2025-07-01T03:10:00.975
ec772c21-019a-4e6a-92c1-a565cce53cf5,774ed283-833c-4fe7-b501-c4106b550c4a,6a6b3b4f-3afa-43a9-946f-7e51f33738fe,15,2025-07-01T15:56:53.892,2025-07-01T15:56:56.246
1adf52b5-89b5-4314-83ca-7b74d65ade67,9b9ee834-dc69-49f8-8c89-81a4e6095f54,6a6b3b4f-3afa-43a9-946f-7e51f33738fe,60,2025-07-04T00:00:02.518,2025-07-04T00:00:02.518
b948fe28-8287-4ffa-bcf9-b7c3972ed2a5,9b9ee834-dc69-49f8-8c89-81a4e6095f54,63ad2dd1-8399-4619-b13b-9399ffa0455e,60,2025-07-04T00:00:02.527,2025-07-04T00:00:02.527
bd2b8cf8-6e34-4ea5-b344-7bce645fdc45,b86a4023-623c-4976-a379-92a828f8cf30,6a6b3b4f-3afa-43a9-946f-7e51f33738fe,9155,2025-07-02T20:18:09.481,2025-07-02T21:15:00.987
322a2e2c-ca81-4520-a51a-ab679fe2a15e,6655de3c-26c6-4dab-9479-f6186ac8fd87,6a6b3b4f-3afa-43a9-946f-7e51f33738fe,30,2025-06-26T13:15:35.356,2025-07-01T18:47:02.108
a57acca9-bade-44f8-b3b8-10c85a29892a,eed92c85-3e9c-4cf6-b457-6ca9d0e056ad,6a6b3b4f-3afa-43a9-946f-7e51f33738fe,15,2025-07-08T00:59:57.725,2025-07-08T00:59:58.959
30947373-268f-498e-9cee-1535e4b4031f,0845654e-aee9-47aa-95ca-413cf1522cc4,6a6b3b4f-3afa-43a9-946f-7e51f33738fe,265,2025-07-03T18:00:17.956,2025-07-03T18:06:00.992
b8c7ccbb-bd76-41f6-a95b-6ec742f47e46,52733dd7-3606-474f-8ec5-e8a4413c6aa9,6a6b3b4f-3afa-43a9-946f-7e51f33738fe,8290,2025-06-30T23:08:49.267,2025-08-18T23:02:08.055
84cb1159-3f28-4d4c-a55b-181efca3c309,e8da1646-3042-4ea0-b753-a5c12ec6eb0f,6a6b3b4f-3afa-43a9-946f-7e51f33738fe,10,2025-07-04T11:58:41.459,2025-07-04T11:58:41.459
2f2b2657-c198-4224-b20f-1b716b85cfde,98750556-7530-421d-a98c-b913694a373f,6a6b3b4f-3afa-43a9-946f-7e51f33738fe,90,2025-07-05T00:13:45.336,2025-08-02T13:51:31.775
144fe9ad-b642-478e-9064-f24c796195ac,e8da1646-3042-4ea0-b753-a5c12ec6eb0f,63ad2dd1-8399-4619-b13b-9399ffa0455e,60,2025-07-04T12:10:00.968,2025-07-04T12:10:00.968
78546786-3624-4736-a3f8-c80b319a1a8d,eed92c85-3e9c-4cf6-b457-6ca9d0e056ad,63ad2dd1-8399-4619-b13b-9399ffa0455e,11560,2025-07-08T00:14:05.148,2025-08-08T03:52:26.565
c1b286c7-b45c-4a13-bf7e-b6b8fefd4c89,b3d47607-a0e9-451b-ade3-8b2b2389d131,6a6b3b4f-3afa-43a9-946f-7e51f33738fe,15,2025-07-07T18:40:39.681,2025-07-07T18:40:47.641
f65be126-ebee-440d-8edd-bca9bb993c4e,987a7aad-1ec9-45d5-9168-1ddef9cd1e20,63ad2dd1-8399-4619-b13b-9399ffa0455e,900,2025-07-01T15:40:01.347,2025-07-16T11:00:01.013
b6c9fd41-007a-4038-80be-98a1e26d825a,5f5fd52a-de65-4690-8674-dcf4fc0a8703,6a6b3b4f-3afa-43a9-946f-7e51f33738fe,540,2025-07-01T14:50:00.672,2025-08-12T14:20:01.188
bf7aaae7-ecfd-4f49-b8d7-6d95a62d8deb,528167ec-2bd1-4703-bbc7-944531e28ac5,63ad2dd1-8399-4619-b13b-9399ffa0455e,120,2025-07-03T14:10:00.744,2025-07-03T14:20:01.03
56e699c8-91fe-4518-a5b0-0e94e107f707,528167ec-2bd1-4703-bbc7-944531e28ac5,6a6b3b4f-3afa-43a9-946f-7e51f33738fe,120,2025-07-03T14:20:01.038,2025-07-03T14:20:01.043
3c37b58c-fcde-4ab6-a0ba-a74f63171d00,59dae66d-5fa9-4507-8c1c-9975e3e85648,63ad2dd1-8399-4619-b13b-9399ffa0455e,7980,2025-07-05T14:50:00.9,2025-07-11T21:20:01.297
fa0c1eca-d9a4-4819-a525-6ad60d67b07e,4b7ba819-8598-46d3-b419-85e0d9947111,63ad2dd1-8399-4619-b13b-9399ffa0455e,900,2025-06-30T23:30:01.43,2025-07-07T13:30:01.06
c112125b-38df-43d9-b5a6-7077e0756573,b3d47607-a0e9-451b-ade3-8b2b2389d131,63ad2dd1-8399-4619-b13b-9399ffa0455e,180,2025-07-05T05:10:00.579,2025-07-07T18:50:01.424
ba2146ad-8cbf-4bc8-9387-962136f06ce7,dda92bac-eedb-4b5d-af7b-15ece8511ab7,63ad2dd1-8399-4619-b13b-9399ffa0455e,15010,2025-06-03T18:00:00.763,2025-08-19T12:42:00.565
13e2b66c-2917-43fb-9c10-040ac7b998a9,3c504dd1-9e59-40ea-80d3-99c01b77c6a1,6a6b3b4f-3afa-43a9-946f-7e51f33738fe,5,2025-07-07T18:51:31.638,2025-07-07T18:51:31.638
5fb6deeb-1abb-4527-9bfe-6897ec4d2356,b4d543f9-eb60-4c76-977a-0aa9fbe035b6,63ad2dd1-8399-4619-b13b-9399ffa0455e,1380,2025-07-05T01:00:01.522,2025-07-05T01:20:00.808
d5b749b3-2c8b-477c-a6d2-55e67579035d,b4d543f9-eb60-4c76-977a-0aa9fbe035b6,6a6b3b4f-3afa-43a9-946f-7e51f33738fe,795,2025-07-05T01:03:24.651,2025-07-05T01:20:00.812
fbbea9c4-f398-4352-a805-cd500d6127d5,494ac9e8-c44c-4626-ae45-446e87ac3bff,6a6b3b4f-3afa-43a9-946f-7e51f33738fe,1105,2025-07-05T01:45:01.357,2025-08-13T20:29:26.483
5631b006-30bd-408c-868f-54ec7c6a3aa1,987a7aad-1ec9-45d5-9168-1ddef9cd1e20,6a6b3b4f-3afa-43a9-946f-7e51f33738fe,1105,2025-07-01T15:38:42.439,2025-07-25T20:43:16.839
2661569c-2c7c-4a26-b0ee-d29bba61a900,5f1fd36c-bdac-40e6-a891-f57f399369e5,63ad2dd1-8399-4619-b13b-9399ffa0455e,10280,2025-07-06T10:00:01.105,2025-08-12T00:51:00.898
c98197ef-7037-4b81-b309-a171550fdf86,721362b2-ff71-4010-86b3-c4062a7ac83e,63ad2dd1-8399-4619-b13b-9399ffa0455e,11740,2025-07-08T01:48:01.722,2025-07-24T00:30:01.064
c18f53d5-8755-43c6-817a-72590227c0d2,b727849b-5805-4c83-a9e0-34dfe8162c25,63ad2dd1-8399-4619-b13b-9399ffa0455e,14400,2025-06-07T14:40:00.695,2025-07-07T19:44:22.447
32dc403f-475c-4843-a088-a2f10cd4d84a,65f44e12-0927-4b40-aec9-344350ce9584,6a6b3b4f-3afa-43a9-946f-7e51f33738fe,140,2025-06-29T22:53:00.625,2025-07-31T00:08:49.071
03d563fe-923e-4095-8d54-96b24b6f5115,15514c51-45f2-478b-aa2d-2fc57a2b31c1,63ad2dd1-8399-4619-b13b-9399ffa0455e,6600,2025-07-08T01:47:51.291,2025-07-08T01:51:53.572
9a3379f3-7b87-40dd-9dc9-aedf99b51561,58be947e-6074-4525-9fd5-44fcb5dcf63f,63ad2dd1-8399-4619-b13b-9399ffa0455e,300,2025-07-08T01:20:01.12,2025-07-08T01:50:01.104
d0decb6c-dcc7-4fc9-904a-4443f63133f4,58be947e-6074-4525-9fd5-44fcb5dcf63f,6a6b3b4f-3afa-43a9-946f-7e51f33738fe,15,2025-07-08T01:36:00.702,2025-07-08T01:36:12.124
ec2e9311-f193-4931-8637-5aaaf0924eb9,01d7c52f-0340-4d02-a94b-a0c71cb4eaf6,6a6b3b4f-3afa-43a9-946f-7e51f33738fe,465,2025-07-08T19:07:28.153,2025-08-18T21:08:47.009
db146483-1b5c-4631-8888-c405bbe3fd06,01d7c52f-0340-4d02-a94b-a0c71cb4eaf6,63ad2dd1-8399-4619-b13b-9399ffa0455e,470,2025-07-08T19:00:01.486,2025-08-18T12:32:35.032
256b4e37-cb3e-42f9-b22c-b51f6f8f9f6e,61cea232-1100-4cf8-926f-e4a364243d4c,63ad2dd1-8399-4619-b13b-9399ffa0455e,3060,2025-07-08T01:26:29.123,2025-07-08T02:00:00.985
e2836b41-e2fd-4382-a1da-f4949172743f,494ac9e8-c44c-4626-ae45-446e87ac3bff,63ad2dd1-8399-4619-b13b-9399ffa0455e,1540,2025-07-05T01:40:01.159,2025-07-10T00:51:03.099
9357699d-ca41-4726-b193-31df695acf33,ccaa6c0f-c586-42be-8662-13bbff73bc67,63ad2dd1-8399-4619-b13b-9399ffa0455e,1500,2025-07-08T06:34:07.735,2025-07-08T06:43:30.519
0382bf2e-e619-4d9e-b3fa-2d38604b16e5,d6af9b72-a7df-40be-8db1-8ee49eaace23,6a6b3b4f-3afa-43a9-946f-7e51f33738fe,930,2025-07-08T14:19:15.317,2025-07-14T14:11:17.874
55da0595-7c2a-4bd6-b1c8-2abbdd7d1108,bef47159-622e-4c98-82c1-3d9ea6b8c642,6a6b3b4f-3afa-43a9-946f-7e51f33738fe,660,2025-06-05T12:21:58.303,2025-08-15T17:41:16.611
e97a4630-8199-478f-bb57-aa2d0647b4d0,d6af9b72-a7df-40be-8db1-8ee49eaace23,63ad2dd1-8399-4619-b13b-9399ffa0455e,1540,2025-07-08T14:20:01.065,2025-07-08T15:40:00.912
12f66904-bee6-4f33-9abc-2feaff960b4c,82c42ae9-a654-4adf-87d0-f6237cdbb225,6a6b3b4f-3afa-43a9-946f-7e51f33738fe,10905,2025-06-30T18:22:03.901,2025-08-19T18:16:09.395
56092b92-ea8b-40a1-b03c-50de748d4ea2,4b7ba819-8598-46d3-b419-85e0d9947111,6a6b3b4f-3afa-43a9-946f-7e51f33738fe,295,2025-06-30T23:26:46.544,2025-08-08T12:44:32.34
2941607f-8f49-427d-bb8c-80bf80c3abd0,aec0b730-0063-412a-a076-84d8ac1c84bd,6a6b3b4f-3afa-43a9-946f-7e51f33738fe,2575,2025-07-02T01:10:00.629,2025-07-21T18:49:50.98
cc10bf8d-cc45-4484-aa69-3ce87c9e27f2,82c42ae9-a654-4adf-87d0-f6237cdbb225,63ad2dd1-8399-4619-b13b-9399ffa0455e,8700,2025-06-30T21:10:01.331,2025-08-19T13:01:33.609
1166d53a-5d73-4cc5-afdb-1b23eb85a295,721362b2-ff71-4010-86b3-c4062a7ac83e,6a6b3b4f-3afa-43a9-946f-7e51f33738fe,1390,2025-07-04T18:42:41.612,2025-08-13T13:10:01.762
c581eadf-1b34-4e78-828a-0d825e2558ac,ee79618d-e17a-4d67-a196-24b1b064c099,63ad2dd1-8399-4619-b13b-9399ffa0455e,60,2025-07-09T20:40:00.749,2025-07-09T20:40:00.749
dd69f191-d22f-49cd-9a5f-e64d7385c312,5115b4b0-fe6a-446d-b016-eaf653a843c4,6a6b3b4f-3afa-43a9-946f-7e51f33738fe,60,2025-07-17T21:50:01.137,2025-07-17T21:50:01.137
d4c3fd9e-514d-4d3b-a477-48c69f4710cb,bac738a1-f71a-486b-be4e-6fb254fbe181,63ad2dd1-8399-4619-b13b-9399ffa0455e,180,2025-07-17T13:20:00.974,2025-07-17T13:30:01.41
88a9ec66-1b0e-4870-9009-cd11e7468280,e422fbc6-53b7-4af3-8fba-1204b1b1e92c,6a6b3b4f-3afa-43a9-946f-7e51f33738fe,15,2025-07-10T17:49:51.608,2025-07-10T17:50:06.444
c5768cac-1501-4f24-b5e6-4809000fb593,e422fbc6-53b7-4af3-8fba-1204b1b1e92c,63ad2dd1-8399-4619-b13b-9399ffa0455e,60,2025-07-10T18:00:01.469,2025-07-10T18:00:01.469
6bca227c-5077-4096-9da7-6839ac1b8200,d5f19af1-7ac4-4763-a7be-e1312253a9e1,63ad2dd1-8399-4619-b13b-9399ffa0455e,120,2025-07-10T18:30:01.219,2025-07-10T18:30:01.228
f2cc6f04-722c-4b57-8c44-57e2d2900a3f,99f66527-00fc-4755-8df6-0dade5adb821,63ad2dd1-8399-4619-b13b-9399ffa0455e,300,2025-07-16T17:30:00.788,2025-07-16T17:40:00.903
0d329ca3-0f6e-4b20-9dca-8282c581bb18,f7f24227-4622-4dd2-af2b-ef868b074cd4,63ad2dd1-8399-4619-b13b-9399ffa0455e,120,2025-07-17T14:10:00.813,2025-07-17T14:10:00.82
f5ea8cdd-d753-41bf-b970-3bc0755d3c96,01f4f7bb-d959-4c0b-8902-7168ff2099e4,63ad2dd1-8399-4619-b13b-9399ffa0455e,360,2025-07-10T18:10:00.601,2025-07-10T19:10:00.585
a1358989-c3d4-45d8-884b-338c697191cc,faa08cc8-08c9-4cdb-9063-3d7db092ffb3,63ad2dd1-8399-4619-b13b-9399ffa0455e,60,2025-07-17T14:20:01.11,2025-07-17T14:20:01.11
db07a072-df91-4543-afeb-f68483fdea7c,c2f66027-63db-45c4-aaf9-7967dbc152fb,6a6b3b4f-3afa-43a9-946f-7e51f33738fe,1020,2025-07-15T20:01:22.703,2025-07-31T13:11:35.066
c297d897-7f1a-42e6-9e12-937443a982d9,5216219e-b7de-4b28-b4a6-66f63c5a2a84,6a6b3b4f-3afa-43a9-946f-7e51f33738fe,370,2025-07-11T00:07:52.778,2025-07-11T00:10:01.327
a70be66e-04df-470b-ad8e-24814522f418,cf4bbfa0-4116-4a71-ab53-15f3e9a6d5f4,63ad2dd1-8399-4619-b13b-9399ffa0455e,10120,2025-07-11T03:53:46.2,2025-07-11T04:00:01.22
7397aa53-d8e0-4607-a76d-b811d9ce2644,3225a5f8-b91a-43e8-a5f3-e63d6fbe50bc,63ad2dd1-8399-4619-b13b-9399ffa0455e,20,2025-07-16T14:00:01.473,2025-08-19T13:05:44.039
50e716d5-93fc-4ab0-b5a2-01e6db4b08fe,e8a33351-f5cd-4fd1-913f-f4dce9234c8c,63ad2dd1-8399-4619-b13b-9399ffa0455e,60,2025-07-17T16:20:01.449,2025-07-17T16:20:01.449
1e1f17b1-979d-4406-b723-c49d95832087,578dc6b3-262b-4a92-9592-fe60fcb07310,6a6b3b4f-3afa-43a9-946f-7e51f33738fe,785,2025-07-16T01:50:01.249,2025-07-16T02:00:02.201
0dd9983e-ded8-498f-8f1f-c330fb7f7f91,59dae66d-5fa9-4507-8c1c-9975e3e85648,6a6b3b4f-3afa-43a9-946f-7e51f33738fe,0,2025-07-11T20:34:58.527,2025-07-14T22:08:28.951
4f02d987-3113-4d38-be24-bed185a2d585,578dc6b3-262b-4a92-9592-fe60fcb07310,63ad2dd1-8399-4619-b13b-9399ffa0455e,1240,2025-07-16T01:50:01.259,2025-07-23T20:11:00.728
c7813b3f-f8f1-4414-b419-b2ed3f22cd91,912f2b5e-adbb-496c-b3d1-7a8bf3e609ee,63ad2dd1-8399-4619-b13b-9399ffa0455e,120,2025-07-17T17:00:01.102,2025-07-17T17:00:01.123
abf90336-29ee-47ef-9fe0-a1a9feeb57ee,912f2b5e-adbb-496c-b3d1-7a8bf3e609ee,6a6b3b4f-3afa-43a9-946f-7e51f33738fe,135,2025-07-17T16:56:25.596,2025-07-17T17:00:01.131
8a789f4d-f1da-4b13-b521-9813a5d25b0a,c2f66027-63db-45c4-aaf9-7967dbc152fb,63ad2dd1-8399-4619-b13b-9399ffa0455e,280,2025-07-15T20:03:00.915,2025-07-16T03:10:01.111
f737563a-896e-4636-b263-9b7b5ecf8c8e,2d4126a1-13b6-4172-a837-47754e852665,63ad2dd1-8399-4619-b13b-9399ffa0455e,11380,2025-07-16T17:20:01.212,2025-07-16T18:00:01.483
1f72f4bc-6ad0-45ae-8f64-ab4a9d1cb03d,d6763c50-b9d4-44dc-a6e2-98102e8dd068,63ad2dd1-8399-4619-b13b-9399ffa0455e,120,2025-07-16T03:30:00.834,2025-07-16T03:30:00.874
725d41ff-12ce-4a35-8bc8-325abe6a5999,91d0e269-58b4-4978-ad76-c15a22816c0d,6a6b3b4f-3afa-43a9-946f-7e51f33738fe,15,2025-07-16T03:43:24.46,2025-07-16T03:43:31.358
da2295b4-13a4-43be-8663-badab92edb81,9716c102-e1bd-49ed-ba07-713dcbd6dfe9,63ad2dd1-8399-4619-b13b-9399ffa0455e,60,2025-07-16T12:30:01.044,2025-07-16T12:30:01.044
ef084837-e965-45df-9ab2-fc521c113654,9adf49fa-76e5-4a26-aaa9-6379b1afe0c8,6a6b3b4f-3afa-43a9-946f-7e51f33738fe,5,2025-07-16T13:34:18.883,2025-07-16T13:34:18.883
e624fad8-ffce-45ef-a91a-4b521532742f,f7f24227-4622-4dd2-af2b-ef868b074cd4,6a6b3b4f-3afa-43a9-946f-7e51f33738fe,170,2025-07-16T11:49:53.666,2025-08-04T15:30:36.177
8e61712a-ccea-4f6d-959c-60c0930b7286,9459d69e-e30d-4665-a3f9-033eac5234ef,6a6b3b4f-3afa-43a9-946f-7e51f33738fe,120,2025-07-16T18:16:01.127,2025-07-16T18:16:01.127
dc9793b0-2679-4320-8404-c606960e8a13,714569d9-d561-4565-bd7b-8c69951a6fcb,63ad2dd1-8399-4619-b13b-9399ffa0455e,20420,2025-07-10T16:48:54.321,2025-08-11T06:02:42.287
4910ccb9-454c-48f7-8ead-03abb384da05,ab308b3f-ec47-41a4-bd8f-ac2ae72dd3ec,6a6b3b4f-3afa-43a9-946f-7e51f33738fe,15,2025-07-18T01:09:17.811,2025-07-18T01:09:30.089
a850c42a-1bba-4459-9ea0-59da3ad11a43,5115b4b0-fe6a-446d-b016-eaf653a843c4,63ad2dd1-8399-4619-b13b-9399ffa0455e,120,2025-07-17T21:50:01.144,2025-07-17T21:50:01.15
4052a6d6-ccbc-4229-9230-953acb136827,a0e358d6-05de-488a-a4f9-0c7a11e26635,6a6b3b4f-3afa-43a9-946f-7e51f33738fe,360,2025-07-16T16:00:01.845,2025-07-16T16:00:01.845
5f93d7e3-b7da-4bb8-b447-cdf672124e72,c979645a-0b52-4fb5-ac49-5479458ce592,63ad2dd1-8399-4619-b13b-9399ffa0455e,1360,2025-07-14T17:30:01.331,2025-07-15T13:40:00.824
1a58f1b7-0426-465e-be1c-f53d320247ae,4c24ff14-fa51-44ae-91bd-8ec14185765d,6a6b3b4f-3afa-43a9-946f-7e51f33738fe,15,2025-07-16T16:13:44.342,2025-07-16T16:13:50.227
d7406dc7-2cbd-4844-9bd2-7ad07b248438,5345b59c-0941-4020-b593-bc19ce438e7a,6a6b3b4f-3afa-43a9-946f-7e51f33738fe,210,2025-07-10T14:25:36.077,2025-07-15T15:33:00.619
ef35eabc-c8f4-4dcb-a17d-379baf704887,fb80cde2-62ed-48a5-9471-e418e9bdfd3b,6a6b3b4f-3afa-43a9-946f-7e51f33738fe,360,2025-07-15T16:07:00.765,2025-07-15T16:07:00.765
8c4efe84-3b38-4a0a-b286-efef9cdc4212,ee79618d-e17a-4d67-a196-24b1b064c099,6a6b3b4f-3afa-43a9-946f-7e51f33738fe,25,2025-07-09T20:30:14.205,2025-07-15T20:56:05.106
3b35fbd7-5d4c-4ebb-a396-f840b6eac4eb,c8adb411-b5b1-4fea-bec4-e87716da3294,63ad2dd1-8399-4619-b13b-9399ffa0455e,60,2025-07-16T20:40:01.352,2025-07-16T20:40:01.352
f6588689-a3a8-4185-9abf-fd2459ff546b,4c24ff14-fa51-44ae-91bd-8ec14185765d,63ad2dd1-8399-4619-b13b-9399ffa0455e,180,2025-07-16T16:20:01.062,2025-07-16T16:30:01.538
972923dc-76e6-4a4c-9c94-c1306fbe4d36,a1693feb-bc28-4579-b5f2-c381c4026f04,63ad2dd1-8399-4619-b13b-9399ffa0455e,240,2025-07-18T00:04:00.975,2025-07-18T00:10:01.251
dd09251e-d952-411f-bb63-32adeb4b9762,aec0b730-0063-412a-a076-84d8ac1c84bd,63ad2dd1-8399-4619-b13b-9399ffa0455e,60,2025-07-16T01:40:00.994,2025-07-16T01:40:00.994
7cbf2cfc-83e4-45c4-9b8b-b41703eb6594,fda1236d-62e5-4af5-8c00-a3bb7a896a4c,6a6b3b4f-3afa-43a9-946f-7e51f33738fe,75,2025-07-16T20:32:07.591,2025-07-16T20:40:01.359
6d793bc2-2e04-458e-934d-ee1ee1a5a8ea,fda1236d-62e5-4af5-8c00-a3bb7a896a4c,63ad2dd1-8399-4619-b13b-9399ffa0455e,60,2025-07-16T20:40:01.37,2025-07-16T20:40:01.37
7842110e-acef-4242-b6c3-18544e37b228,12247887-9d6b-4330-8a85-0d2b5c3c1041,6a6b3b4f-3afa-43a9-946f-7e51f33738fe,195,2025-07-17T19:19:44.022,2025-07-17T19:30:01.214
2265bd43-1222-403e-889c-99ab13e754e3,bef31417-7858-4675-93ea-4bd14bdc4db1,63ad2dd1-8399-4619-b13b-9399ffa0455e,300,2025-07-18T00:00:01.964,2025-07-18T00:10:01.257
2834cb92-02d2-4396-bc86-efba3ea283da,04fbf5c0-ef3f-4ee7-b2a4-64518eb630c0,63ad2dd1-8399-4619-b13b-9399ffa0455e,540,2025-07-18T17:30:01.319,2025-07-19T00:30:01.235
1346236d-cc71-4a7b-a2dd-7e1a6415bcf3,bef31417-7858-4675-93ea-4bd14bdc4db1,6a6b3b4f-3afa-43a9-946f-7e51f33738fe,75,2025-07-17T23:56:28.105,2025-07-18T00:10:01.261
8c987ece-56a1-41c8-a2da-ed80415ddf7f,c979645a-0b52-4fb5-ac49-5479458ce592,6a6b3b4f-3afa-43a9-946f-7e51f33738fe,880,2025-07-15T13:20:00.927,2025-08-07T23:10:01.102
734fc9e2-84b9-4f2a-945b-b09295fecb5e,8930c4e4-6181-4bc9-9868-6123e98e4be5,63ad2dd1-8399-4619-b13b-9399ffa0455e,180,2025-07-16T23:10:00.788,2025-07-16T23:10:00.807
200337a8-c54c-433f-913f-c56b480d665a,a4c6de80-7bf9-4ae2-be9f-c7655b530e36,6a6b3b4f-3afa-43a9-946f-7e51f33738fe,135,2025-07-17T21:49:23.478,2025-07-17T22:00:01.759
6e8f7ef5-0759-4775-bb99-8d54ccb7a930,5ce07a04-8ae5-45d4-8401-54f4b4831477,63ad2dd1-8399-4619-b13b-9399ffa0455e,60,2025-07-17T01:50:00.604,2025-07-17T01:50:00.604
af350045-3ebe-4d31-8083-73597bf5c9ad,c6d818a3-1685-4b52-bf0b-4ca9bb1525cb,63ad2dd1-8399-4619-b13b-9399ffa0455e,60,2025-07-18T02:10:00.596,2025-07-18T02:10:00.596
fe868ad6-9233-49ec-b19f-f883a72796c3,3c2f3043-135c-41b1-8c19-a1471209f1a4,63ad2dd1-8399-4619-b13b-9399ffa0455e,180,2025-07-17T09:50:00.652,2025-07-17T10:00:01.661
d6abec7d-b5c4-4b33-9746-3cee49b57804,f6390548-a335-4117-a554-6a9373271022,63ad2dd1-8399-4619-b13b-9399ffa0455e,60,2025-07-17T12:30:01.242,2025-07-17T12:30:01.242
27a4f0d3-838c-4265-a5ff-d1f99c034527,a4c6de80-7bf9-4ae2-be9f-c7655b530e36,63ad2dd1-8399-4619-b13b-9399ffa0455e,420,2025-07-17T21:50:01.138,2025-07-17T22:20:01.32
b141274d-4ad2-4516-92cd-e87342923a14,f6390548-a335-4117-a554-6a9373271022,6a6b3b4f-3afa-43a9-946f-7e51f33738fe,180,2025-07-17T12:34:01.321,2025-07-17T12:40:00.742
c64db152-fd51-4b73-a2f4-6e2c8ee52235,12247887-9d6b-4330-8a85-0d2b5c3c1041,63ad2dd1-8399-4619-b13b-9399ffa0455e,420,2025-07-17T19:30:01.207,2025-07-17T19:30:01.25
2b866c01-b079-45b4-92ec-96af1193c8b3,e01b774e-24f8-4b9f-a49d-c217081bbc22,63ad2dd1-8399-4619-b13b-9399ffa0455e,120,2025-07-16T17:31:02.025,2025-07-18T12:05:43.599
62f06759-a163-489f-9149-77542f4f5061,c6d818a3-1685-4b52-bf0b-4ca9bb1525cb,6a6b3b4f-3afa-43a9-946f-7e51f33738fe,360,2025-07-18T02:10:00.606,2025-07-18T02:10:00.606
7e04ef6b-2443-42e1-8575-f88aae35dfba,a1693feb-bc28-4579-b5f2-c381c4026f04,6a6b3b4f-3afa-43a9-946f-7e51f33738fe,60,2025-07-18T00:02:01.001,2025-07-18T00:02:01.001
c5de8d03-6be1-4cd2-8009-9f5026068b07,556e79ad-f342-4c4c-925b-729c4173f55a,6a6b3b4f-3afa-43a9-946f-7e51f33738fe,60,2025-07-18T02:50:01.027,2025-07-18T02:50:01.027
71f50515-6643-4e35-829e-7964ef8fbefd,3d2c3f9b-d436-41b4-8e06-0de4257b9f1d,6a6b3b4f-3afa-43a9-946f-7e51f33738fe,8000,2025-07-18T02:50:35.926,2025-07-18T02:50:35.926
c6dd1fc9-be10-4d04-978a-483082e02a7d,3d2c3f9b-d436-41b4-8e06-0de4257b9f1d,63ad2dd1-8399-4619-b13b-9399ffa0455e,10060,2025-07-18T02:47:40.551,2025-07-18T03:01:01.389
21008b29-08d6-4195-a5e0-70e27da486d0,7f509c67-2c22-4f47-96c0-0c63caeb36a4,6a6b3b4f-3afa-43a9-946f-7e51f33738fe,135,2025-07-18T00:57:52.59,2025-07-18T01:00:01.552
ac52d05a-d73a-4945-b9e5-a3a758834175,7f509c67-2c22-4f47-96c0-0c63caeb36a4,63ad2dd1-8399-4619-b13b-9399ffa0455e,180,2025-07-18T01:00:01.526,2025-07-18T01:00:01.559
c33c0b6c-d0cb-40fc-9634-ba42126eb171,2288f5f0-c852-411b-baba-f8bef74e1939,6a6b3b4f-3afa-43a9-946f-7e51f33738fe,15,2025-07-18T16:42:13.091,2025-07-18T16:42:18.271
add2b8f3-a0ab-46be-95dc-fea7c7c2a52a,556e79ad-f342-4c4c-925b-729c4173f55a,63ad2dd1-8399-4619-b13b-9399ffa0455e,240,2025-07-18T03:01:01.39,2025-07-18T03:01:01.407
db0a3353-a09a-49a7-af3e-5131a39d205c,2288f5f0-c852-411b-baba-f8bef74e1939,63ad2dd1-8399-4619-b13b-9399ffa0455e,400,2025-07-18T16:45:00.958,2025-07-18T17:00:01.6
5cbdf2b0-d13c-4cfb-ab8f-9105bb0c7d6b,a7b87a81-0e1c-4463-a302-825898a409ab,63ad2dd1-8399-4619-b13b-9399ffa0455e,120,2025-07-18T18:20:01.27,2025-07-18T18:20:01.276
0abe3140-ae96-4940-a9d7-9eda1747bfe2,a7b87a81-0e1c-4463-a302-825898a409ab,6a6b3b4f-3afa-43a9-946f-7e51f33738fe,135,2025-07-18T18:26:09.454,2025-07-18T18:30:00.975
fef338eb-c65a-4df0-855c-e80178079237,91c182f6-5706-4172-8a44-0fa6c1c6b785,63ad2dd1-8399-4619-b13b-9399ffa0455e,1660,2025-07-15T21:42:00.66,2025-07-19T15:20:00.924
0c181260-0a38-46fb-829e-a4bfeeb20461,3ffe6733-34aa-4a0c-b4c0-00c4c718fda1,6a6b3b4f-3afa-43a9-946f-7e51f33738fe,795,2025-07-18T21:19:00.625,2025-07-18T21:25:50.846
d087d93d-b69a-41ae-ae4c-b50afaecd95d,3ffe6733-34aa-4a0c-b4c0-00c4c718fda1,63ad2dd1-8399-4619-b13b-9399ffa0455e,1140,2025-07-18T21:10:01.145,2025-07-18T21:30:01.105
3f3b53af-8adb-46ac-89d5-0cbddc6d9705,04fbf5c0-ef3f-4ee7-b2a4-64518eb630c0,6a6b3b4f-3afa-43a9-946f-7e51f33738fe,420,2025-07-18T21:50:00.705,2025-07-19T00:30:01.266
5ec599ba-8ffc-4fe4-86a3-7fad5421a556,91c182f6-5706-4172-8a44-0fa6c1c6b785,6a6b3b4f-3afa-43a9-946f-7e51f33738fe,555,2025-07-15T21:39:16.985,2025-07-31T19:48:54.485
d80f066b-a65f-48bd-8fb4-4aff6d9ed14a,8e76464b-46f1-4895-ad67-e8341c471818,63ad2dd1-8399-4619-b13b-9399ffa0455e,11740,2025-07-19T03:20:01.086,2025-07-21T23:11:00.629
6ce1a36a-faf5-4934-8c3a-fcf03e3c19da,61cea232-1100-4cf8-926f-e4a364243d4c,6a6b3b4f-3afa-43a9-946f-7e51f33738fe,95,2025-07-08T01:58:01.433,2025-07-22T14:24:31.506
aca51c42-4a19-487a-b48b-16a6a5d09d54,8930c4e4-6181-4bc9-9868-6123e98e4be5,6a6b3b4f-3afa-43a9-946f-7e51f33738fe,975,2025-07-16T23:00:36.428,2025-07-16T23:10:00.801
0579f56f-d308-405e-bdf6-bd54a0e37248,da904a63-6d0d-4900-85c9-573958a33c84,63ad2dd1-8399-4619-b13b-9399ffa0455e,120,2025-07-22T17:50:00.9,2025-07-22T17:50:00.905
697bdc92-259d-46e3-aff0-0f8572970a8a,da904a63-6d0d-4900-85c9-573958a33c84,d779a239-1a5c-48a5-8650-c374f4273f90,79,2025-07-22T17:50:00.888,2025-07-22T17:52:59.309
03e9aaee-5f69-4ba8-a24d-fdc14852602d,96d29685-fbcd-48d1-87aa-ac83184960c3,63ad2dd1-8399-4619-b13b-9399ffa0455e,1380,2025-07-22T12:48:00.672,2025-07-23T17:20:00.941
7d273d71-22e7-48e0-ac08-0f4f1c55fe82,2522d867-3d7f-43b5-812b-ece7d459fc71,d779a239-1a5c-48a5-8650-c374f4273f90,35800,2025-07-22T17:17:00.788,2025-07-31T18:42:00.723
229bf0a4-9ad9-4127-9f08-897f4536d7e1,376e5179-834a-46ce-9775-2e5482d5f0c3,6a6b3b4f-3afa-43a9-946f-7e51f33738fe,120,2025-07-22T22:57:01.262,2025-07-22T22:57:01.262
200bee21-904f-450a-8892-fc4c26788435,127a12ef-9036-4dc2-a2d3-a7f94df1d925,d779a239-1a5c-48a5-8650-c374f4273f90,500,2025-07-23T00:20:01.008,2025-08-11T14:10:01.845
d87c8737-2a5b-4be5-8945-c011f4ff8f99,88e0fc52-8d09-4a07-9180-ae1f0550c2a5,63ad2dd1-8399-4619-b13b-9399ffa0455e,11380,2025-07-22T06:35:36.061,2025-07-22T08:00:01.901
24e31d73-13a3-49dc-b278-913a5bff544b,88e0fc52-8d09-4a07-9180-ae1f0550c2a5,6a6b3b4f-3afa-43a9-946f-7e51f33738fe,675,2025-07-22T06:53:01.39,2025-07-22T08:10:00.81
95529c59-99f9-4039-81c3-af04758a5ade,52733dd7-3606-474f-8ec5-e8a4413c6aa9,d779a239-1a5c-48a5-8650-c374f4273f90,130,2025-07-23T00:00:02.348,2025-08-14T17:41:23.986
f92115a3-0377-4c2d-9212-c4f937443007,376e5179-834a-46ce-9775-2e5482d5f0c3,63ad2dd1-8399-4619-b13b-9399ffa0455e,60,2025-07-22T23:01:01.388,2025-07-22T23:01:01.388
91c5360f-f7f7-4589-997b-8f4f620241b3,23e9d0f3-da01-48f7-9df2-c6cf7d58e71d,63ad2dd1-8399-4619-b13b-9399ffa0455e,120,2025-07-22T12:10:01.366,2025-07-22T12:10:01.373
03808d5f-cbd2-4a12-820f-14be22ebbcf1,f623fe2c-f811-4c91-8a10-aac47aeadcc4,63ad2dd1-8399-4619-b13b-9399ffa0455e,1380,2025-07-21T01:10:00.744,2025-08-09T22:00:02.303
39a9702a-43c8-4794-9a4a-5f81fd5a5a4f,dda92bac-eedb-4b5d-af7b-15ece8511ab7,d779a239-1a5c-48a5-8650-c374f4273f90,6565,2025-07-22T17:30:01.508,2025-08-14T12:30:01.583
646d35b9-b28e-4f93-be99-a1f942787098,79358eab-56be-4e04-9e2b-6e11334ea807,63ad2dd1-8399-4619-b13b-9399ffa0455e,60,2025-07-21T05:30:00.919,2025-07-21T05:30:00.919
c301f9eb-ce64-4739-bb6b-c79347773175,beb0b2a2-e504-47c7-b3c0-59e90d62b885,6a6b3b4f-3afa-43a9-946f-7e51f33738fe,10,2025-07-21T12:52:58.726,2025-07-21T12:52:58.726
269687e0-3c07-4531-8ffe-4158c706ff62,8bea236b-9bc9-42f9-8d29-fb55172ac1a9,d779a239-1a5c-48a5-8650-c374f4273f90,4059,2025-07-22T17:15:00.762,2025-07-22T17:20:36.871
eaa3ba4a-4ca6-4a99-94df-57b2e383511d,f32f7a97-4792-421d-8752-68a6019b5dc5,63ad2dd1-8399-4619-b13b-9399ffa0455e,60,2025-07-22T17:20:00.956,2025-07-22T17:20:00.956
e6344bbe-e5e7-41d7-a228-3e6a26731886,7303fc20-d2de-44b2-8b01-0c0cd2e9f48b,63ad2dd1-8399-4619-b13b-9399ffa0455e,160,2025-07-22T18:31:01.081,2025-07-22T18:31:01.081
996b4226-6f9f-4e09-ab17-24c7f9ee5abb,3c950ea8-e015-41a3-8fd4-e2cc4afbe885,d779a239-1a5c-48a5-8650-c374f4273f90,2430,2025-07-22T19:40:01.451,2025-08-14T17:21:00.882
1ab45b10-875a-41ca-aa85-bc265731e52d,0eefb7f5-b2db-4c9e-bec0-4cb13dc92916,d779a239-1a5c-48a5-8650-c374f4273f90,60,2025-07-22T19:55:00.979,2025-08-11T15:53:27.667
9c0c4b5f-a465-4c1a-8c56-40706b613e9c,0c9e6bdd-f0c6-4afa-8920-bb0e31da0d32,63ad2dd1-8399-4619-b13b-9399ffa0455e,180,2025-07-21T17:30:00.941,2025-07-21T17:30:00.953
1d1b1e37-ea21-4f1d-8c1d-14a4edc5faa5,dd73a8a0-253e-43b0-b58d-848bdd776657,63ad2dd1-8399-4619-b13b-9399ffa0455e,580,2025-07-23T15:41:00.7,2025-08-04T17:10:01.467
92f75368-edb1-4399-b613-1b5a946fdacb,75cd5cbd-7099-496b-a9dd-a36a78f2d035,6a6b3b4f-3afa-43a9-946f-7e51f33738fe,60,2025-07-21T19:10:01.004,2025-07-21T19:10:01.004
7ce3e9b9-9723-4568-81aa-3620d1c6f21a,8de56fc5-860e-4145-983f-501102522e5e,6a6b3b4f-3afa-43a9-946f-7e51f33738fe,435,2025-07-20T21:08:51.122,2025-07-20T21:10:01.088
04b714bb-4672-4d0b-a4be-278b401d0fdd,8de56fc5-860e-4145-983f-501102522e5e,63ad2dd1-8399-4619-b13b-9399ffa0455e,240,2025-07-20T11:40:00.753,2025-07-20T21:20:00.715
dbbd6aad-9f2f-46d5-926e-176f04c8020a,9edf0464-9989-4d26-81a4-3d57d7a0c563,63ad2dd1-8399-4619-b13b-9399ffa0455e,60,2025-07-20T22:00:01.668,2025-07-20T22:00:01.668
57991eec-74d4-4206-b742-4dfd7293acdb,0c9e6bdd-f0c6-4afa-8920-bb0e31da0d32,6a6b3b4f-3afa-43a9-946f-7e51f33738fe,370,2025-07-21T17:26:29.009,2025-07-24T19:08:00.781
e6f02929-6dd4-404e-9558-ebeebb1d5993,609276f8-1da2-457b-b4b0-1e9beaa32a02,63ad2dd1-8399-4619-b13b-9399ffa0455e,60,2025-07-21T00:40:00.685,2025-07-21T00:40:00.685
fbc91037-667d-48d8-9736-822fe94ec2fe,2eb049c3-b105-42bb-a98c-ea9656d88fa3,63ad2dd1-8399-4619-b13b-9399ffa0455e,60,2025-07-21T00:40:00.689,2025-07-21T00:40:00.689
fc0c8f34-74e9-47c5-911c-7670a7123936,398a42ca-e785-4709-9719-ea03b9718a19,63ad2dd1-8399-4619-b13b-9399ffa0455e,7980,2025-07-19T05:50:00.656,2025-07-21T00:40:00.7
706168c9-a53b-4fd4-b0ca-3c35b28f03cc,78945850-fa4b-4761-9d30-9fd0a57f363b,6a6b3b4f-3afa-43a9-946f-7e51f33738fe,5,2025-07-22T19:52:28.545,2025-07-22T19:52:28.545
35521bc1-d81a-4da4-bcb1-64606802ef2b,81c4f5cf-9370-408e-b329-8f2a97eefcd7,6a6b3b4f-3afa-43a9-946f-7e51f33738fe,10,2025-07-21T23:12:47.88,2025-07-21T23:12:47.88
1185a86a-860e-4ece-a02a-6168d2e4862a,4ffe2660-3065-4636-a4dd-e1e3c9b33287,6a6b3b4f-3afa-43a9-946f-7e51f33738fe,10,2025-07-21T23:34:26.012,2025-07-21T23:34:26.012
a54d5242-bd30-42dc-a7df-4953d3a26764,385b17c0-96d8-43e2-bda6-62fdd682882c,d779a239-1a5c-48a5-8650-c374f4273f90,3310,2025-07-22T20:01:01.195,2025-08-18T18:02:01.085
2e264afb-7565-4864-a21e-282126161203,326697ff-eba4-4f53-91ac-96d1d5c9bf27,63ad2dd1-8399-4619-b13b-9399ffa0455e,240,2025-07-21T00:40:00.696,2025-07-21T00:40:00.714
ddd1dfcc-1ff4-41f0-b104-513257ce2949,8e76464b-46f1-4895-ad67-e8341c471818,6a6b3b4f-3afa-43a9-946f-7e51f33738fe,2315,2025-07-20T02:18:48.832,2025-08-14T14:44:29.246
06819bdb-9f10-4661-a8ef-048aa1734026,d6edfae6-8159-4768-b602-d78dd5f93756,6a6b3b4f-3afa-43a9-946f-7e51f33738fe,480,2025-07-22T17:40:00.737,2025-08-18T21:02:01.091
6c734a71-c626-4936-9af1-b313c56ab54c,ac7eb361-7511-4561-9335-1241e8c82fb1,d779a239-1a5c-48a5-8650-c374f4273f90,80,2025-07-22T17:30:01.5,2025-07-22T17:30:01.5
fb58f0d5-0825-4cc6-9ba6-57dc77b51ec5,398a42ca-e785-4709-9719-ea03b9718a19,6a6b3b4f-3afa-43a9-946f-7e51f33738fe,8695,2025-07-19T05:50:00.676,2025-07-21T00:59:46.79
def370b6-fcf2-4cd2-9cae-4c62076bbdf0,e8da827c-1b02-4b82-af81-8080e1278676,63ad2dd1-8399-4619-b13b-9399ffa0455e,60,2025-07-22T17:30:01.51,2025-07-22T17:30:01.51
c81b6d1f-1475-42b6-a28e-05a72c089da2,d6edfae6-8159-4768-b602-d78dd5f93756,63ad2dd1-8399-4619-b13b-9399ffa0455e,160,2025-07-22T17:32:01.296,2025-07-22T17:32:01.296
1a17b3b5-3be9-4688-b458-65211d4c3b6d,6ab32baf-4726-4b5c-aaef-f80d48328c73,63ad2dd1-8399-4619-b13b-9399ffa0455e,120,2025-07-22T17:30:01.504,2025-07-22T17:40:00.736
8904052c-31fd-4c28-a297-7cc24f5ed0dc,96d29685-fbcd-48d1-87aa-ac83184960c3,d779a239-1a5c-48a5-8650-c374f4273f90,33229,2025-07-22T17:10:00.699,2025-08-19T14:10:01.91
5a681180-b30d-4898-8a24-355894787746,b35afc75-7620-40c6-9f1d-dc03ceb4b678,d779a239-1a5c-48a5-8650-c374f4273f90,4060,2025-07-22T23:56:01.169,2025-07-23T00:10:00.725
aa0f23ea-54ac-4c22-8051-6994e43187d5,8d0477e4-6ba5-46a5-a1c4-8dcd70910da1,d779a239-1a5c-48a5-8650-c374f4273f90,80,2025-07-22T17:50:00.888,2025-07-22T17:50:00.888
0b89d0d5-91ad-4a71-ae98-c1f59b85eb15,acbb6397-fb2a-4478-bac0-8ca0beb2376d,d779a239-1a5c-48a5-8650-c374f4273f90,80,2025-07-22T20:10:00.685,2025-07-22T20:10:00.685
b27214cc-9bd6-4f54-b4e1-f724c3cba5e2,496630b0-7879-47fd-8f00-4915731cbe8a,d779a239-1a5c-48a5-8650-c374f4273f90,15448,2025-07-23T21:00:01.683,2025-08-02T02:10:01.613
211b9b0d-3322-4471-80ce-d372593fdb71,475aacbc-b780-4d0f-80a3-1a71778ac822,63ad2dd1-8399-4619-b13b-9399ffa0455e,60,2025-07-22T23:30:01.275,2025-07-22T23:30:01.275
95a9fb8f-1fec-4b4b-9abd-3a44dec1cb43,ec0f4797-9dcc-4132-91b0-d5780ac6cdec,d779a239-1a5c-48a5-8650-c374f4273f90,19168,2025-07-22T17:50:00.888,2025-08-14T02:10:01.371
b137e8fb-8913-4cee-b57c-6188fc361374,f32f7a97-4792-421d-8752-68a6019b5dc5,d779a239-1a5c-48a5-8650-c374f4273f90,80,2025-07-22T21:20:01.196,2025-07-22T21:20:01.196
5e559cac-0438-466c-a75c-2c9dc2afa7b7,3be162df-436b-4c60-9669-a36cc258d1aa,d779a239-1a5c-48a5-8650-c374f4273f90,80,2025-07-22T23:50:01.019,2025-07-22T23:50:01.019
e6163c73-5d11-4f1d-80d0-60c9830964bc,3be162df-436b-4c60-9669-a36cc258d1aa,63ad2dd1-8399-4619-b13b-9399ffa0455e,120,2025-07-22T23:50:01.006,2025-07-22T23:50:01.024
5eaab32b-50d8-4bd5-bb3c-5d83ec9d6f43,376e5179-834a-46ce-9775-2e5482d5f0c3,d779a239-1a5c-48a5-8650-c374f4273f90,0,2025-07-22T22:40:00.779,2025-07-22T23:54:07.587
3714ff61-be41-4b6c-b94d-62fa0382ea81,aea14467-a491-4c19-9029-f2a2ecc6ac9d,d779a239-1a5c-48a5-8650-c374f4273f90,80,2025-07-23T00:00:02.504,2025-07-23T00:00:02.504
3ae31920-f600-466d-9a25-2de4146d0f42,1834db53-3642-445d-8d19-ddce8cd5a4e2,63ad2dd1-8399-4619-b13b-9399ffa0455e,1380,2025-07-22T21:00:02.075,2025-07-22T22:20:01.23
4be512b9-f326-4142-b499-ca064af0d6c9,6ca85964-7863-437d-9c6d-f10f6e8f2f0d,d779a239-1a5c-48a5-8650-c374f4273f90,639,2025-07-22T17:30:01.499,2025-08-13T14:51:01.138
ddad7640-1c94-4989-8618-a80fc1e469e7,5f1fd36c-bdac-40e6-a891-f57f399369e5,d779a239-1a5c-48a5-8650-c374f4273f90,17719,2025-07-22T17:50:00.892,2025-08-18T18:20:01.56
88f14069-5591-4068-8ddc-b7642c75cfb1,127a12ef-9036-4dc2-a2d3-a7f94df1d925,63ad2dd1-8399-4619-b13b-9399ffa0455e,120,2025-07-23T00:10:00.722,2025-07-23T00:10:00.74
bce3ab4a-e763-4522-974d-ffd6b0779364,e8da827c-1b02-4b82-af81-8080e1278676,d779a239-1a5c-48a5-8650-c374f4273f90,3976,2025-07-22T17:30:01.518,2025-08-15T12:44:41.108
f3391d41-a085-4c98-af4b-2168e0c215ae,bfe24f02-1a85-44c6-8648-81b861593c38,d779a239-1a5c-48a5-8650-c374f4273f90,80,2025-07-23T01:30:01.711,2025-07-23T01:30:01.711
ad73a609-3353-4336-bcb3-a8cbf85a53da,5108230d-475f-446c-a8e6-84e4b792fbb6,6a6b3b4f-3afa-43a9-946f-7e51f33738fe,10,2025-07-23T05:47:17.035,2025-07-23T05:47:17.035
d4ea8267-1d2e-4ddb-b053-ff341252e469,c7b5641a-3a0e-470d-92fa-10b03ccfa7c8,63ad2dd1-8399-4619-b13b-9399ffa0455e,7080,2025-07-23T00:30:01.448,2025-07-23T01:10:01.154
1e21fcc9-92c4-48ca-b9f8-d3cf07841c42,9a393653-3e22-4bad-91b6-2e1e00319ecd,63ad2dd1-8399-4619-b13b-9399ffa0455e,7980,2025-07-21T00:33:12.649,2025-07-23T10:20:01.335
2e607248-4965-4326-a22f-f2803f52c6e3,5108230d-475f-446c-a8e6-84e4b792fbb6,63ad2dd1-8399-4619-b13b-9399ffa0455e,360,2025-07-23T05:48:00.664,2025-07-23T05:50:00.786
05aecb31-0000-4832-884d-c4851945f81f,de371a65-7b68-4eca-a542-dbc467a30220,63ad2dd1-8399-4619-b13b-9399ffa0455e,120,2025-07-23T11:40:01.154,2025-07-23T11:50:00.816
9e1299f4-5239-4cc4-af9a-c0af8e681ff1,43c460dc-a8bc-408b-8477-d13c1c88110e,63ad2dd1-8399-4619-b13b-9399ffa0455e,120,2025-07-23T19:01:01.029,2025-07-23T19:01:01.029
273b2207-adbd-4cbe-877f-8feeb00f726b,dd52ffa8-d9a4-4244-9cf0-e6fc35eaffc6,63ad2dd1-8399-4619-b13b-9399ffa0455e,360,2025-07-22T22:41:00.691,2025-07-23T18:01:01.101
c2d4b2a6-55f9-428a-a2e5-6813ef52ab91,234c8183-3833-40c5-af48-86d6283d1c5f,63ad2dd1-8399-4619-b13b-9399ffa0455e,120,2025-07-23T20:50:00.94,2025-07-23T20:50:00.948
808b38c4-9273-4d04-a9c3-9feb7df871ca,6806d542-2415-4390-8fd4-b8748f5e32ed,63ad2dd1-8399-4619-b13b-9399ffa0455e,1320,2025-07-22T18:16:51.372,2025-07-27T14:30:01.631
341c364f-5fa0-4728-8bbf-7e1d04095d6d,79a65896-da42-432b-b23e-e9cafce4f45d,63ad2dd1-8399-4619-b13b-9399ffa0455e,7980,2025-07-21T00:35:43.624,2025-07-23T22:22:26.304
6800dd4b-90c0-4221-9f7a-43e04ffe97fc,6ab32baf-4726-4b5c-aaef-f80d48328c73,d779a239-1a5c-48a5-8650-c374f4273f90,400,2025-07-22T17:40:00.742,2025-07-28T13:40:00.924
011cd1a9-079f-4702-84b9-c55490750829,d3b0816b-49e5-47b6-b379-caeeb8dec869,6a6b3b4f-3afa-43a9-946f-7e51f33738fe,25,2025-07-21T17:50:01.332,2025-07-24T19:20:56.199
1d3b7f78-7799-4c58-b47b-e9771f9fbea3,809ad04a-3a83-4dfd-b10c-576c1cab3457,63ad2dd1-8399-4619-b13b-9399ffa0455e,11740,2025-07-21T00:40:30.146,2025-07-27T01:40:00.957
7d4b6950-4fa0-4bdb-865f-2a218574e699,3225a5f8-b91a-43e8-a5f3-e63d6fbe50bc,d779a239-1a5c-48a5-8650-c374f4273f90,3000,2025-07-22T21:54:01.093,2025-08-15T13:26:10.116
f709476b-bb40-4b55-91cd-08892e61886d,aec0b730-0063-412a-a076-84d8ac1c84bd,d779a239-1a5c-48a5-8650-c374f4273f90,4012,2025-07-22T17:20:00.958,2025-08-18T19:39:01.21
0bac6372-7bf1-4f59-b42d-883c9a9f16e2,f623fe2c-f811-4c91-8a10-aac47aeadcc4,6a6b3b4f-3afa-43a9-946f-7e51f33738fe,130,2025-07-21T01:03:45.702,2025-08-11T12:47:11.087
cc2f094a-924b-4a87-8b65-09b52137fcfa,c3d8a1f7-8982-4520-8e90-8ae4d0fbff92,d779a239-1a5c-48a5-8650-c374f4273f90,90,2025-07-22T17:30:01.499,2025-08-19T12:16:16.407
fa46e692-bf49-435f-9a37-dd8023e9213b,734fc8c7-7c0f-4eb0-b579-6e75aed597fa,63ad2dd1-8399-4619-b13b-9399ffa0455e,60,2025-07-24T01:00:01.435,2025-07-24T01:00:01.435
f9bbfb14-122f-45fa-ac22-f040487db58d,734fc8c7-7c0f-4eb0-b579-6e75aed597fa,6a6b3b4f-3afa-43a9-946f-7e51f33738fe,60,2025-07-24T01:10:01.172,2025-07-24T01:10:01.172
bcc5d466-7bad-4e34-8ee4-f070213f79f9,e47dff24-056a-4672-a374-ae6f12e943ee,6a6b3b4f-3afa-43a9-946f-7e51f33738fe,240,2025-07-25T00:43:37.977,2025-07-25T00:43:37.977
f0d75ebd-e118-44f0-ba59-f40a3f1f8468,dd52ffa8-d9a4-4244-9cf0-e6fc35eaffc6,d779a239-1a5c-48a5-8650-c374f4273f90,80,2025-07-24T13:40:00.9,2025-07-24T13:40:00.9
f30f6b5b-bcf3-44b4-93c9-5e6b4c831120,40cde5d1-7219-491c-bce5-702ec42c92d5,6a6b3b4f-3afa-43a9-946f-7e51f33738fe,180,2025-07-25T00:44:04.187,2025-07-25T00:44:04.187
f5fc450a-9ead-4a1f-bcb1-711a6ac98fa5,8a18add4-fe19-4ac9-b6bd-0f00ba2e7fb9,6a6b3b4f-3afa-43a9-946f-7e51f33738fe,10,2025-07-25T00:44:29.07,2025-07-25T00:44:29.07
c40f5178-6156-4430-92c9-11fbab693dff,6ee290a6-4130-4336-be24-5c8436af07b3,6a6b3b4f-3afa-43a9-946f-7e51f33738fe,120,2025-07-25T00:44:58.949,2025-07-25T00:44:58.949
a6e0b664-6cd2-4fc5-8d3d-fdc39bb401df,7795f730-6246-44a1-9c29-7eb944e8d83c,6a6b3b4f-3afa-43a9-946f-7e51f33738fe,1090,2025-07-25T00:45:26.515,2025-07-25T00:45:26.515
5575f854-d113-4ea8-8130-14f152be7d7f,e4846182-ac6f-4093-bc68-fa083d7c5e98,6a6b3b4f-3afa-43a9-946f-7e51f33738fe,980,2025-07-24T15:31:00.94,2025-08-01T19:22:29.072
fa29c1a4-abd5-4ed0-b2af-e389d7dd8116,5630ffb3-8c76-49c0-b397-f88b058c119d,6a6b3b4f-3afa-43a9-946f-7e51f33738fe,120,2025-07-25T00:45:52.505,2025-07-25T00:45:52.505
4fcfe9dc-6627-4dab-9723-3fd02d2748e3,08c49257-0682-4982-b256-90f90e9a9f65,6a6b3b4f-3afa-43a9-946f-7e51f33738fe,10,2025-07-24T18:07:35.073,2025-07-24T18:07:35.073
01ec511e-be5f-4208-98fa-43986ca43573,08c49257-0682-4982-b256-90f90e9a9f65,63ad2dd1-8399-4619-b13b-9399ffa0455e,60,2025-07-24T18:10:00.636,2025-07-24T18:10:00.636
399d624a-1107-41ca-9775-22cf04b60c06,69518c94-383a-4f86-977a-8fc33f7bbad9,6a6b3b4f-3afa-43a9-946f-7e51f33738fe,960,2025-07-25T00:46:19.675,2025-07-25T00:46:19.675
e2e9556d-9849-4217-9635-a67175a14c24,ffec2208-2d2b-4206-ae92-4ed5f2cb6930,6a6b3b4f-3afa-43a9-946f-7e51f33738fe,360,2025-07-24T18:10:00.659,2025-07-24T18:10:00.659
a3b16db7-4996-4541-a309-7217f8d1f71b,18685105-6c7e-462c-8c77-739698ad334b,6a6b3b4f-3afa-43a9-946f-7e51f33738fe,600,2025-07-25T00:47:03.944,2025-07-25T00:47:03.944
05b67fa7-195c-46b9-9a45-8ae3f5909a3c,3b134231-f17b-4b28-98b4-a22bacf5e03f,6a6b3b4f-3afa-43a9-946f-7e51f33738fe,1090,2025-07-25T00:47:28.985,2025-07-25T00:47:28.985
b10cc764-c5fb-4133-8c6e-05d96ed5d224,14e7db4b-5ad9-4c65-962b-2136fa67f060,6a6b3b4f-3afa-43a9-946f-7e51f33738fe,60,2025-07-25T00:47:54.289,2025-07-25T00:47:54.289
32da9f48-5601-4474-bb93-531ffb0b5229,ffec2208-2d2b-4206-ae92-4ed5f2cb6930,63ad2dd1-8399-4619-b13b-9399ffa0455e,480,2025-07-24T18:10:00.636,2025-07-24T18:20:01.029
09e3eeac-2cb5-43d7-8699-6217000979a4,ffec2208-2d2b-4206-ae92-4ed5f2cb6930,d779a239-1a5c-48a5-8650-c374f4273f90,320,2025-07-24T18:20:01.034,2025-07-24T18:20:01.034
5f1a4818-3304-4432-b3d6-07462aeb229a,066fbe55-a6aa-42c7-8c9b-9a9a28b978f8,6a6b3b4f-3afa-43a9-946f-7e51f33738fe,120,2025-07-25T00:49:08.573,2025-07-25T00:49:08.573
44b57f9a-4797-48fd-a1d5-920ed563e96c,70d2dce1-a13b-448d-87e1-5f92189ccd1a,63ad2dd1-8399-4619-b13b-9399ffa0455e,120,2025-07-24T18:30:01.561,2025-07-24T19:10:00.723
7f9d8bd8-2494-492d-a3a6-50425fad7493,d233fa5f-8ac3-4abd-b39f-251764ae52cf,6a6b3b4f-3afa-43a9-946f-7e51f33738fe,10,2025-07-25T00:49:37.951,2025-07-25T00:49:37.951
321ca3e2-04e0-43b0-a63c-3449f91066b3,a806ed27-52b0-4bb3-ba5a-e214aeb45c23,63ad2dd1-8399-4619-b13b-9399ffa0455e,1380,2025-07-26T01:00:01.805,2025-07-26T01:30:01.423
06843a87-d75f-4346-8ef7-dabf79a54ff7,3b6270ac-16c0-46a2-95d5-1d62a030ed64,d779a239-1a5c-48a5-8650-c374f4273f90,0,2025-07-25T03:41:00.922,2025-07-25T03:50:28.238
3dd3ccbd-60e1-4b64-9a8c-9899be8297cd,658444fd-e594-49ed-b529-69be48bea42a,6a6b3b4f-3afa-43a9-946f-7e51f33738fe,600,2025-07-25T00:50:55.697,2025-07-25T00:50:55.697
707dc1a7-e0cc-46db-9fd7-4951dac4791a,70d2dce1-a13b-448d-87e1-5f92189ccd1a,6a6b3b4f-3afa-43a9-946f-7e51f33738fe,420,2025-07-24T19:10:00.714,2025-07-24T19:20:01.073
80a727ab-2b0c-4a5f-851d-d84cf7ba61fd,dd52ffa8-d9a4-4244-9cf0-e6fc35eaffc6,6a6b3b4f-3afa-43a9-946f-7e51f33738fe,120,2025-07-24T19:20:01.08,2025-07-24T19:20:01.088
676303bc-d833-484b-9ce7-2a1db7227122,be99e7d0-d647-424f-ae4a-b9d990427af6,6a6b3b4f-3afa-43a9-946f-7e51f33738fe,190,2025-07-25T00:51:22.779,2025-07-25T00:51:22.779
6bbe2f63-54ff-4556-a311-5a22732d07bb,594f65ec-075a-40a7-8b77-d8239989bdfe,d779a239-1a5c-48a5-8650-c374f4273f90,25060,2025-07-24T07:21:00.573,2025-08-18T15:30:49.244
47c1e043-c2c5-499f-ba90-1c5ac2a94468,2c3ae809-0e30-488a-8ffb-0d4d3b80f0d6,d779a239-1a5c-48a5-8650-c374f4273f90,560,2025-07-29T01:30:01.245,2025-07-31T02:40:01.446
a1f33224-ad77-413e-868a-88071db28b53,80f851c6-8280-4ac7-9c9a-205a7e6121ce,d779a239-1a5c-48a5-8650-c374f4273f90,400,2025-07-24T19:50:01.525,2025-07-24T19:50:01.538
cd6954ba-f1df-422d-9db5-bbb796b8aa32,829d0942-9537-48b9-b1b4-b32fa62cab5f,63ad2dd1-8399-4619-b13b-9399ffa0455e,120,2025-07-24T19:50:01.539,2025-07-24T19:50:01.546
c0869055-ec62-416b-9ac3-915b0ab8884c,74d96b19-4efe-4262-a9cd-13e4a107d722,6a6b3b4f-3afa-43a9-946f-7e51f33738fe,1200,2025-07-25T00:52:13.416,2025-07-25T00:52:13.416
0ae7042e-22b9-429f-a019-41c1337c5748,4ffa0480-da10-4505-932a-453fbb609e32,63ad2dd1-8399-4619-b13b-9399ffa0455e,120,2025-07-25T12:40:00.95,2025-07-25T12:40:00.965
a1dbb473-8173-4c7b-bbe5-fb0bd032dd66,32217e6f-fa92-4a96-a620-9b25ad9bce6a,6a6b3b4f-3afa-43a9-946f-7e51f33738fe,8980,2025-07-25T00:48:29.202,2025-07-25T00:48:29.202
c9dfc34a-49e8-4369-ac31-aea10f46bf72,a8f5de11-3075-4102-bb89-9dd9c1ae5e78,6a6b3b4f-3afa-43a9-946f-7e51f33738fe,120,2025-07-24T20:31:01.128,2025-07-24T20:31:01.142
143cd345-fea6-4fac-8bfd-3b7b3ac12772,80f851c6-8280-4ac7-9c9a-205a7e6121ce,6a6b3b4f-3afa-43a9-946f-7e51f33738fe,1155,2025-07-24T19:30:01.595,2025-07-25T15:29:00.634
778540b7-cbac-488f-8876-ea75839e6156,809ad04a-3a83-4dfd-b10c-576c1cab3457,6a6b3b4f-3afa-43a9-946f-7e51f33738fe,15,2025-07-25T18:48:41.633,2025-07-25T18:49:00.989
193dc26d-ec90-4378-aac8-13360fa5a038,80f851c6-8280-4ac7-9c9a-205a7e6121ce,63ad2dd1-8399-4619-b13b-9399ffa0455e,540,2025-07-24T18:30:01.525,2025-07-24T20:40:01.531
3149db0d-f7bb-4888-9a7c-cbd18ebc8fa1,d3b0816b-49e5-47b6-b379-caeeb8dec869,d779a239-1a5c-48a5-8650-c374f4273f90,480,2025-07-24T19:30:01.595,2025-07-30T18:52:01.576
224e978c-9bcf-485e-a49c-5b689e89b203,3d66c909-1bac-4b13-a863-6c9d39b125bc,63ad2dd1-8399-4619-b13b-9399ffa0455e,60,2025-07-25T20:40:00.893,2025-07-25T20:40:00.893
46467bfc-3f3b-41c0-9c11-63fba598e947,a806ed27-52b0-4bb3-ba5a-e214aeb45c23,6a6b3b4f-3afa-43a9-946f-7e51f33738fe,900,2025-07-26T01:17:01.5,2025-07-26T01:30:01.428
37492e03-9fdf-47c9-92fa-cff86773933c,080e2f07-3a7c-4e29-94ca-a9eabfada3b8,d779a239-1a5c-48a5-8650-c374f4273f90,80,2025-07-25T01:20:01.218,2025-07-25T01:20:01.218
bbfa667e-05d9-4e44-bbd5-3540a971dbf2,174cb7b2-fe32-402d-b08e-3323f0916322,63ad2dd1-8399-4619-b13b-9399ffa0455e,60,2025-07-25T02:10:01.004,2025-07-25T02:10:01.004
1a7b57b4-9385-4509-a8f0-7fe33837ae90,3b6270ac-16c0-46a2-95d5-1d62a030ed64,63ad2dd1-8399-4619-b13b-9399ffa0455e,120,2025-07-25T03:30:00.877,2025-07-25T03:30:00.886
ce4b1c0e-5d24-40cf-8655-6eac535954df,040bb549-27ba-4f81-b6cc-9a8ac8f351d5,6a6b3b4f-3afa-43a9-946f-7e51f33738fe,130,2025-07-25T00:40:43.318,2025-07-25T00:40:43.318
628737c4-ddb7-46d8-818c-9ab5dcb8ee39,6e4c9b79-86d7-4e04-9812-283061e9063b,6a6b3b4f-3afa-43a9-946f-7e51f33738fe,970,2025-07-25T00:41:29.394,2025-07-25T00:41:29.394
85c1714c-bc83-46a8-8257-86f6476bee59,0785838b-5495-43df-b67a-2a78e6d5cd7f,6a6b3b4f-3afa-43a9-946f-7e51f33738fe,130,2025-07-25T00:42:26.205,2025-07-25T00:42:26.205
faeb6f28-dad8-491d-a429-99221e2d071a,396bfab5-a4fd-4bfb-afe3-5aec19ba9e79,6a6b3b4f-3afa-43a9-946f-7e51f33738fe,250,2025-07-25T00:43:00.654,2025-07-25T00:43:00.654
3c157f04-9713-459b-bd13-4e1dbaefd694,721362b2-ff71-4010-86b3-c4062a7ac83e,d779a239-1a5c-48a5-8650-c374f4273f90,640,2025-07-24T00:41:01.152,2025-08-13T13:10:01.753
e30c4721-6a5c-4417-a4cf-3441ab0c9c35,591e99fb-7dca-451a-8874-fab71414bb47,6a6b3b4f-3afa-43a9-946f-7e51f33738fe,780,2025-07-27T09:51:01.332,2025-07-27T10:11:01.04
75f9f41a-5f8a-4c27-87ed-0b2896576705,1133a113-4a27-4066-9437-b5a606168791,63ad2dd1-8399-4619-b13b-9399ffa0455e,180,2025-07-26T13:40:01.188,2025-07-26T13:40:01.198
9bb33f00-c0be-4518-9a3d-0495bc214449,4fd8c42a-04e3-44a4-b6d5-51c2348b281c,63ad2dd1-8399-4619-b13b-9399ffa0455e,60,2025-07-30T20:10:01.251,2025-07-30T20:10:01.251
d7bd3488-5759-4652-8686-33a453480678,654ffd40-fcf1-4124-a2e8-0230201b2853,63ad2dd1-8399-4619-b13b-9399ffa0455e,60,2025-07-26T15:40:01.244,2025-07-26T15:40:01.244
f757e817-754e-4b27-80a7-e7aa7fcdf2d4,39d3d7ad-3ff9-4482-b618-f3ec1f5f6bcb,63ad2dd1-8399-4619-b13b-9399ffa0455e,120,2025-07-26T19:10:00.934,2025-07-26T19:10:00.94
e451664b-803d-4678-b83a-3cfb338fcecb,591e99fb-7dca-451a-8874-fab71414bb47,d779a239-1a5c-48a5-8650-c374f4273f90,80,2025-07-27T09:40:00.94,2025-07-27T09:40:00.94
d6bb4b67-4c9d-4a88-9204-ffe1a23de061,6806d542-2415-4390-8fd4-b8748f5e32ed,6a6b3b4f-3afa-43a9-946f-7e51f33738fe,60,2025-07-27T14:20:01.154,2025-07-27T14:20:01.154
82612c6a-d9c2-411c-8de0-2cfd1661a694,a806ed27-52b0-4bb3-ba5a-e214aeb45c23,d779a239-1a5c-48a5-8650-c374f4273f90,400,2025-07-26T01:21:00.643,2025-07-26T01:21:00.702
e0f3d63d-25ed-4127-bd47-5c3dddc6bf44,c93b22e2-cabe-44d7-a2fd-3658a7a692d4,63ad2dd1-8399-4619-b13b-9399ffa0455e,60,2025-07-28T06:20:01.543,2025-07-28T06:20:01.543
24bcfccc-fc79-477a-8017-c67165b1423f,beb0b2a2-e504-47c7-b3c0-59e90d62b885,d779a239-1a5c-48a5-8650-c374f4273f90,13669,2025-07-22T17:10:00.784,2025-08-18T15:24:51.568
39729b9c-4359-4521-9444-dae37dbb535c,cc52eb48-f4d9-4626-8d6e-cd5954897924,63ad2dd1-8399-4619-b13b-9399ffa0455e,120,2025-07-28T13:50:01.288,2025-07-28T13:50:01.296
5a82cf35-bfda-41da-a49f-74634e9c3483,cc52eb48-f4d9-4626-8d6e-cd5954897924,6a6b3b4f-3afa-43a9-946f-7e51f33738fe,420,2025-07-28T13:50:01.3,2025-07-28T13:50:01.304
a072d46b-94f5-4bbe-8062-f8e1f5d15c87,78945850-fa4b-4761-9d30-9fd0a57f363b,d779a239-1a5c-48a5-8650-c374f4273f90,80,2025-07-28T14:20:01.201,2025-07-28T14:20:01.201
0174b78b-e8ca-4841-b6bc-2e9b1a24bdc8,030da91d-5287-4d0d-8d40-bebe93830ce0,d779a239-1a5c-48a5-8650-c374f4273f90,80,2025-07-28T16:40:01.167,2025-07-28T16:40:01.167
72e5d2d2-f0ae-4fcd-b892-f8d5d771578d,5fb7bbec-c4d5-4a75-b171-4ddc02c40db2,63ad2dd1-8399-4619-b13b-9399ffa0455e,120,2025-07-28T17:00:02.033,2025-07-28T22:00:01.298
e35f2fe3-b865-4b3a-8ab5-29cf6c9b653d,32217e6f-fa92-4a96-a620-9b25ad9bce6a,63ad2dd1-8399-4619-b13b-9399ffa0455e,240,2025-07-30T18:50:01.526,2025-07-30T19:00:01.566
4d18c64c-e31a-4b55-9f51-4212bb2fb991,2c3ae809-0e30-488a-8ffb-0d4d3b80f0d6,63ad2dd1-8399-4619-b13b-9399ffa0455e,1320,2025-07-29T01:16:00.688,2025-07-29T02:40:00.769
62d4c611-9614-42dc-aa06-46de2fa3d395,4934b7cc-a277-4401-80bd-22fdef46070b,d779a239-1a5c-48a5-8650-c374f4273f90,160,2025-07-25T20:40:00.897,2025-08-12T17:00:02.301
d28df3c0-6b8d-4c12-8b8c-3da09b9bb357,3b134231-f17b-4b28-98b4-a22bacf5e03f,63ad2dd1-8399-4619-b13b-9399ffa0455e,60,2025-07-29T14:20:00.72,2025-07-29T14:20:00.72
955436a0-61b8-487f-b861-474321c512ed,043b1aa3-83c8-41d1-a67d-5c1967d053a9,63ad2dd1-8399-4619-b13b-9399ffa0455e,240,2025-07-29T14:50:00.879,2025-07-29T15:01:01.004
c7f1e7b5-573a-4fcc-8cc6-0077da35c4dc,da11b79b-8a95-490d-86ae-fe2278297505,d779a239-1a5c-48a5-8650-c374f4273f90,80,2025-07-29T18:20:00.957,2025-07-29T18:20:00.957
ab902294-7546-433f-9ad6-d7c74ba6dd39,234c8183-3833-40c5-af48-86d6283d1c5f,6a6b3b4f-3afa-43a9-946f-7e51f33738fe,425,2025-07-24T17:31:57.728,2025-07-30T14:36:57.365
2439e883-0812-42d2-b6a0-1b889b0155c0,bef47159-622e-4c98-82c1-3d9ea6b8c642,d779a239-1a5c-48a5-8650-c374f4273f90,4076,2025-07-28T14:30:00.878,2025-08-12T13:12:18.206
e32ab18d-88a0-43b5-8d33-25b22eb08147,7920da76-1c5c-4430-a5c9-406268fe0411,d779a239-1a5c-48a5-8650-c374f4273f90,5052,2025-07-24T08:00:01.232,2025-08-15T22:50:01.288
ea9519d3-2792-4e75-a02f-bde60268902b,b727849b-5805-4c83-a9e0-34dfe8162c25,d779a239-1a5c-48a5-8650-c374f4273f90,60,2025-07-29T13:00:01.929,2025-07-31T18:45:06.012
032e8d36-1045-4e56-bc8e-c8cd9e7a6c8a,91c182f6-5706-4172-8a44-0fa6c1c6b785,d779a239-1a5c-48a5-8650-c374f4273f90,480,2025-07-24T03:50:01.105,2025-07-30T18:52:01.574
56904f96-7d84-42fd-82ec-ccd89877a55c,3cd6501c-f6d6-402e-803f-9e36aae7b738,d779a239-1a5c-48a5-8650-c374f4273f90,1120,2025-07-24T17:30:01.269,2025-08-09T04:00:01.989
426027ea-6d59-4b2e-a4bb-2fcb123898ff,c979645a-0b52-4fb5-ac49-5479458ce592,d779a239-1a5c-48a5-8650-c374f4273f90,560,2025-07-25T19:30:01.463,2025-08-07T23:10:01.112
671bf751-6dcb-49ee-8869-342778f8b400,d6edfae6-8159-4768-b602-d78dd5f93756,d779a239-1a5c-48a5-8650-c374f4273f90,600,2025-07-28T16:10:01.11,2025-08-18T21:01:01.216
0b26493f-8e72-4840-872e-b3ea93c3c016,38b99c00-3be9-45c2-8550-730ad03be2b9,63ad2dd1-8399-4619-b13b-9399ffa0455e,60,2025-07-30T20:31:00.933,2025-07-30T20:31:00.933
ac1a2a1d-15e1-4458-83c7-0e992ee9dd7d,38b99c00-3be9-45c2-8550-730ad03be2b9,6a6b3b4f-3afa-43a9-946f-7e51f33738fe,180,2025-07-30T20:38:01.092,2025-07-30T20:40:01.181
ae144014-ed01-4235-a1c0-d271108f58c3,4209a7da-eddf-40f7-8a8d-82f0c8f4f9fb,63ad2dd1-8399-4619-b13b-9399ffa0455e,180,2025-07-30T21:00:01.851,2025-07-30T21:00:01.869
f0e9df52-4da9-4feb-b067-4fc93a725dd1,eddce1ae-015f-4782-a2ef-ad43b716dfd8,d779a239-1a5c-48a5-8650-c374f4273f90,1000,2025-08-07T21:16:45.508,2025-08-07T21:16:45.508
636787e0-5c07-4311-9888-5732d7c563e4,d8ae700c-9996-4918-b298-b5b95eb11474,d779a239-1a5c-48a5-8650-c374f4273f90,20,2025-07-31T00:10:01.448,2025-08-03T20:23:23.765
4e00442c-305d-429f-85a8-01cd60cae969,b1d73824-87d0-4408-a84e-54acae8d6578,d779a239-1a5c-48a5-8650-c374f4273f90,320,2025-08-03T18:22:00.812,2025-08-04T08:50:01.065
55457840-4c08-402a-845f-0590e5980ea4,dd73a8a0-253e-43b0-b58d-848bdd776657,d779a239-1a5c-48a5-8650-c374f4273f90,160,2025-08-04T15:10:01.389,2025-08-04T15:10:01.389
6441fc2e-5347-416d-abe7-bec53c3c4705,fdacde3f-7bd5-4ee4-9fac-739372702371,6a6b3b4f-3afa-43a9-946f-7e51f33738fe,1080,2025-08-05T03:30:01.668,2025-08-05T03:50:01.239
d59513dc-cb57-462e-9a5a-0e07c09d5907,bfa5fe00-366e-432b-8c9b-c63f68eb9eba,d779a239-1a5c-48a5-8650-c374f4273f90,1000,2025-08-05T14:42:51.277,2025-08-05T14:42:51.277
8efbb7f1-fd4d-40ca-8dc5-bebf8650d33b,e725527d-14fd-43ec-b09f-40b8bb3ea69c,d779a239-1a5c-48a5-8650-c374f4273f90,1000,2025-08-05T14:52:47.521,2025-08-05T14:52:47.521
a129504c-ff5d-48da-998f-2f0dbf5708cf,b2b9e40a-992b-4456-97c1-77fa439961fb,d779a239-1a5c-48a5-8650-c374f4273f90,1000,2025-08-05T16:48:48.199,2025-08-05T16:48:48.199
06d24536-0ad1-4bc5-b704-4fdf6a45e682,654ffd40-fcf1-4124-a2e8-0230201b2853,d779a239-1a5c-48a5-8650-c374f4273f90,720,2025-08-04T16:11:01.265,2025-08-04T16:40:01.565
b2cd7dd8-92e4-48e7-a600-26ca2f0943cd,dd73a8a0-253e-43b0-b58d-848bdd776657,6a6b3b4f-3afa-43a9-946f-7e51f33738fe,420,2025-07-30T20:40:01.181,2025-08-04T17:10:01.461
fccb4b34-9f22-4081-bc86-57b242873471,65f44e12-0927-4b40-aec9-344350ce9584,d779a239-1a5c-48a5-8650-c374f4273f90,60,2025-07-31T00:20:00.789,2025-07-31T09:33:15.717
79793254-f05a-4c8c-8f29-9b11b1909349,04fac541-1323-4e2d-9cd2-c4b0106e7c23,d779a239-1a5c-48a5-8650-c374f4273f90,1000,2025-08-04T19:01:57.118,2025-08-04T19:01:57.118
ee3d83fd-7457-4696-9097-3c4de32c310a,5c307e43-b16c-492b-9aed-6ee0fefb95e8,d779a239-1a5c-48a5-8650-c374f4273f90,560,2025-07-31T15:50:00.863,2025-07-31T16:10:01.507
67b56956-242d-4bd2-89c4-d239c2595585,5c307e43-b16c-492b-9aed-6ee0fefb95e8,63ad2dd1-8399-4619-b13b-9399ffa0455e,60,2025-07-31T16:20:00.795,2025-07-31T16:20:00.795
5222ccab-a288-41f6-b0bf-cc43fced59c5,b5e253c8-938b-403e-9a22-40c8afd1bd3f,63ad2dd1-8399-4619-b13b-9399ffa0455e,160,2025-07-31T17:05:01.289,2025-07-31T17:05:01.289
72b8dedb-0bb1-4d56-9e01-5fc4fd85bf38,7ae98d6d-1f70-4d9a-94c5-b5905fe8e96f,d779a239-1a5c-48a5-8650-c374f4273f90,80,2025-07-31T18:43:00.721,2025-07-31T18:43:00.721
c9f397c9-0691-45f9-b1a0-87a428fa924b,68c74e7e-ca4a-4aac-89ed-1c8775735565,d779a239-1a5c-48a5-8650-c374f4273f90,160,2025-07-31T17:00:01.578,2025-07-31T18:43:00.724
bef2604f-87eb-4c8a-98c3-2c7be9a7d624,14ef2d4c-9f88-460f-bbe9-372f702bdcad,d779a239-1a5c-48a5-8650-c374f4273f90,80,2025-07-31T18:43:00.812,2025-07-31T18:43:00.812
f292cc07-bd0f-4993-b231-b706d8b6ede1,e89baa11-aa32-4907-bfed-b5b719a543d7,d779a239-1a5c-48a5-8650-c374f4273f90,640,2025-07-31T02:00:01.503,2025-07-31T18:43:00.82
14b78b3c-68e7-4143-a350-fc8f8a946175,59929161-5a06-4859-9418-1078e1a5db93,d779a239-1a5c-48a5-8650-c374f4273f90,640,2025-07-31T00:20:00.848,2025-07-31T18:43:00.841
c436ea2b-4d6d-4466-b356-60da3568631c,7609f302-3e54-49dd-b742-6000ec04ec50,d779a239-1a5c-48a5-8650-c374f4273f90,80,2025-07-31T18:43:00.841,2025-07-31T18:43:00.841
b8692ded-fc9b-44be-a352-0c9c41349970,45af5900-7972-46dc-a249-b5dffa4b450e,6a6b3b4f-3afa-43a9-946f-7e51f33738fe,20,2025-08-01T00:48:05.005,2025-08-01T00:48:15.54
c812cc99-0f17-44c1-af09-0b689477739d,94c6663e-bc26-493d-8d05-8bd3e17a86db,d779a239-1a5c-48a5-8650-c374f4273f90,80,2025-08-01T14:04:00.977,2025-08-01T14:04:00.977
0fc5699e-28f9-4b1a-a520-da5ffc825d64,d7779569-843c-4656-ab4b-471056ee4c1b,d779a239-1a5c-48a5-8650-c374f4273f90,80,2025-08-01T14:04:00.977,2025-08-01T14:04:00.977
869675ce-5aad-4d18-893c-abed47af226b,8c4ddc26-f991-4ed1-aa4e-2ebf9f0dcecb,d779a239-1a5c-48a5-8650-c374f4273f90,80,2025-08-01T14:04:01.025,2025-08-01T14:04:01.025
955ab7ae-8272-4df7-bd2a-0315f18119a2,87d25b47-d404-400f-912d-2da48cd23d17,d779a239-1a5c-48a5-8650-c374f4273f90,1000,2025-08-07T21:57:00.482,2025-08-07T21:57:00.482
97fcd10c-fbf6-428b-8451-081fec488247,17d1871c-74ad-491b-a034-ee8e443912bb,63ad2dd1-8399-4619-b13b-9399ffa0455e,140,2025-08-04T17:40:01.63,2025-08-15T02:11:18.009
548bea2b-b093-4340-b2a0-ccf16497520c,431c5ce3-6733-4231-8da9-ad273fb733f1,d779a239-1a5c-48a5-8650-c374f4273f90,80,2025-08-01T18:10:01.671,2025-08-01T18:10:01.671
c509fcad-5f4b-463b-b8e3-42661ffd3f2a,1712b5ff-ea41-4137-9c9c-837260fc2feb,d779a239-1a5c-48a5-8650-c374f4273f90,80,2025-08-01T18:43:00.835,2025-08-01T18:43:00.835
8b2e45d0-19ad-40d2-8f94-e9bec6df3f0f,a791e6f9-ec90-4796-806b-552173ec3bde,d779a239-1a5c-48a5-8650-c374f4273f90,80,2025-08-01T18:50:00.995,2025-08-01T18:50:00.995
9647d396-c767-4d06-a7b2-075587423af1,8e05c1ad-b4d2-4307-9976-0748977238cf,d779a239-1a5c-48a5-8650-c374f4273f90,80,2025-08-01T18:53:00.934,2025-08-01T18:53:00.934
e262ab05-98cf-4853-b0f7-4d40d65772dc,c5d4a028-42d5-4c1e-ab9e-852eb57081bd,63ad2dd1-8399-4619-b13b-9399ffa0455e,160,2025-08-01T18:55:01.058,2025-08-01T18:55:01.058
879c81f8-daa2-450a-a3cf-e319b4035bd9,286fccf6-57f6-433c-8dd5-a37c1c909a6b,d779a239-1a5c-48a5-8650-c374f4273f90,1000,2025-08-07T22:25:24.448,2025-08-07T22:25:24.448
21000cc8-c275-42a6-8d6e-151c8628ffdc,c5d4a028-42d5-4c1e-ab9e-852eb57081bd,d779a239-1a5c-48a5-8650-c374f4273f90,80,2025-08-01T19:00:01.847,2025-08-01T19:00:01.847
c032d8d1-ada1-4acc-84b4-3a4aaa8e7812,ab0a5d6c-167c-4b4f-a94d-e1b849c229b1,6a6b3b4f-3afa-43a9-946f-7e51f33738fe,60,2025-08-01T19:00:01.868,2025-08-01T19:00:01.868
a0692c84-e73a-4921-abdf-017fff607c48,cfa5083a-3e51-4186-bb05-993df0611ca6,63ad2dd1-8399-4619-b13b-9399ffa0455e,60,2025-08-05T19:10:00.995,2025-08-05T19:10:00.995
d064b267-ad18-41a4-b088-bb9812bebf10,223a8c31-a73d-4e29-b57a-e188d1070646,d779a239-1a5c-48a5-8650-c374f4273f90,80,2025-08-01T19:02:01.38,2025-08-01T19:02:01.38
ecc6665d-4803-4bc4-9b25-8a578aa83c83,223a8c31-a73d-4e29-b57a-e188d1070646,6a6b3b4f-3afa-43a9-946f-7e51f33738fe,10,2025-08-01T19:04:50.196,2025-08-01T19:04:50.196
3ab3299a-a403-4023-9349-fd7fd56eea02,7b57e8a6-0ee3-4ce5-b526-c62cea260c80,d779a239-1a5c-48a5-8650-c374f4273f90,80,2025-08-01T19:10:00.896,2025-08-01T19:10:00.896
c5fa811c-f0e7-41d9-9709-0dcf59f7f39c,ab0a5d6c-167c-4b4f-a94d-e1b849c229b1,d779a239-1a5c-48a5-8650-c374f4273f90,80,2025-08-01T19:12:00.738,2025-08-01T19:12:00.738
dd9720a9-deb6-4fb1-91c2-ee4b6125ca3e,ab0a5d6c-167c-4b4f-a94d-e1b849c229b1,63ad2dd1-8399-4619-b13b-9399ffa0455e,300,2025-08-01T18:50:00.993,2025-08-01T19:20:01.028
bbc0224c-5f88-4e55-8728-5a903c781ec9,7b7c215c-fc18-47ba-922c-f7aef977cb4a,6a6b3b4f-3afa-43a9-946f-7e51f33738fe,10,2025-08-01T19:25:36.418,2025-08-01T19:25:36.418
45b514f1-3ad2-4ca8-ace4-38ca008dce00,a7b6e230-2aeb-4909-b452-570a53e9db89,d779a239-1a5c-48a5-8650-c374f4273f90,160,2025-08-01T20:30:01.502,2025-08-01T20:30:01.502
7b51da30-1907-4698-a5e4-b7f82c1be138,b357ba0c-61d8-48e0-9e71-3a4d49695f64,d779a239-1a5c-48a5-8650-c374f4273f90,1000,2025-08-07T23:08:34.055,2025-08-07T23:08:34.055
0b2a5375-a486-42a9-aafe-c1a679d60278,49f9c1cc-f884-4501-a976-bba6260c7dc0,63ad2dd1-8399-4619-b13b-9399ffa0455e,120,2025-08-05T21:30:01.38,2025-08-05T21:30:01.391
21d63f35-e136-4641-b514-7db279f6321b,b1d73824-87d0-4408-a84e-54acae8d6578,63ad2dd1-8399-4619-b13b-9399ffa0455e,180,2025-08-03T18:20:00.972,2025-08-03T18:20:00.989
aa480ed5-1406-446d-945c-ce8daa1ce8a3,580216ca-8b76-4209-bef7-b658ac595fe6,d779a239-1a5c-48a5-8650-c374f4273f90,4820,2025-08-05T17:00:02.206,2025-08-05T22:44:43.756
601f608f-c82f-44c0-847f-6ca40d8c591c,4fd8c42a-04e3-44a4-b6d5-51c2348b281c,d779a239-1a5c-48a5-8650-c374f4273f90,1200,2025-07-30T20:20:01.825,2025-08-04T21:50:01.024
74ce1228-6214-4aae-af2f-54622c1ad9ba,fdacde3f-7bd5-4ee4-9fac-739372702371,d779a239-1a5c-48a5-8650-c374f4273f90,1000,2025-08-05T03:24:04.425,2025-08-05T03:24:04.425
0d28b85e-138a-4280-b0cb-6005158c8be0,06d4bf96-3795-4676-9877-e7c4ae25af7b,6a6b3b4f-3afa-43a9-946f-7e51f33738fe,10,2025-08-06T15:49:46.727,2025-08-06T15:49:46.727
dbad8c8f-6d59-41a5-9b90-abd318c98fee,a7d6f95b-7667-4c37-ab2f-963113cea92a,d779a239-1a5c-48a5-8650-c374f4273f90,3500,2025-08-06T15:42:54.134,2025-08-06T15:42:54.134
6d788db2-fb46-4c6f-8f26-89faa641dc24,fdacde3f-7bd5-4ee4-9fac-739372702371,63ad2dd1-8399-4619-b13b-9399ffa0455e,180,2025-08-05T03:20:01.18,2025-08-05T03:30:01.697
487687ca-f539-48fb-9368-72b936022cae,0267b7b3-5eac-4484-8ecf-2cfab4bad813,d779a239-1a5c-48a5-8650-c374f4273f90,3500,2025-08-06T15:43:45.079,2025-08-06T15:43:45.079
9320f68a-30cc-4d6e-974c-2454626f5e18,c919f93c-8beb-4ef8-8b0b-a7b9479a5d03,6a6b3b4f-3afa-43a9-946f-7e51f33738fe,20,2025-08-07T23:25:34.294,2025-08-07T23:25:40.428
f0d18deb-7ae5-4d92-a99d-8264653e6008,c140450a-8f7f-4803-846e-11e6f6f1a901,d779a239-1a5c-48a5-8650-c374f4273f90,15000,2025-08-06T15:47:15.086,2025-08-06T15:47:15.086
74a41cac-a512-4a4a-b30c-b73f450babd9,80046e4b-f9b8-488a-8169-68f0218352e0,d779a239-1a5c-48a5-8650-c374f4273f90,15000,2025-08-06T15:48:14.111,2025-08-06T15:48:14.111
946c0415-0331-403d-b3f6-aaafce209901,e54133ab-c282-4db8-aa83-0669bd97e1c7,63ad2dd1-8399-4619-b13b-9399ffa0455e,60,2025-08-06T22:10:00.897,2025-08-06T22:10:00.897
d8cefb04-36c5-4519-b716-412203b1be6f,c919f93c-8beb-4ef8-8b0b-a7b9479a5d03,d779a239-1a5c-48a5-8650-c374f4273f90,1000,2025-08-07T23:27:07.738,2025-08-07T23:27:07.738
58e574e5-3844-4306-a8ca-d803823ca616,c919f93c-8beb-4ef8-8b0b-a7b9479a5d03,63ad2dd1-8399-4619-b13b-9399ffa0455e,60,2025-08-07T23:30:00.993,2025-08-07T23:30:00.993
69a5efab-1a46-401a-98b1-1484ea6a75ef,e54133ab-c282-4db8-aa83-0669bd97e1c7,d779a239-1a5c-48a5-8650-c374f4273f90,640,2025-08-02T19:20:01.122,2025-08-06T22:20:01.376
4d959e8f-4e0a-49ec-ba0c-19ce5f3ce9b1,f898c727-967e-4462-a2bc-6092813aaab7,d779a239-1a5c-48a5-8650-c374f4273f90,1000,2025-08-07T21:07:18.073,2025-08-07T21:07:18.073
9bd27afe-634d-491e-913b-c2a06dbbcac1,e188dfc9-f28c-46eb-8c07-b4b9f97edab9,d779a239-1a5c-48a5-8650-c374f4273f90,1000,2025-08-07T23:56:04.561,2025-08-07T23:56:04.561
2432d30a-63c1-4042-b665-2d44e726cd4a,8fd23757-47e4-477a-947b-bee1b5c6183e,d779a239-1a5c-48a5-8650-c374f4273f90,1000,2025-08-08T00:03:08.833,2025-08-08T00:03:08.833
0101f088-3e4a-43b4-8a10-47957c6149cd,07c89eaf-1d31-4aaa-b22e-a66868d60714,d779a239-1a5c-48a5-8650-c374f4273f90,1000,2025-08-08T00:05:35.347,2025-08-08T00:05:35.347
bab57967-7323-4331-8069-ce69686559ba,521d7255-251c-4a64-aec6-8dd16ea1eb39,d779a239-1a5c-48a5-8650-c374f4273f90,1000,2025-08-08T00:11:22.348,2025-08-08T00:11:22.348
868a5400-e464-4967-ab8d-f62a1763f1e9,dcb4c8ef-cbeb-4748-a6c5-c5d7a1bbc96b,d779a239-1a5c-48a5-8650-c374f4273f90,1000,2025-08-08T00:15:54.165,2025-08-08T00:15:54.165
f4600e2d-e264-46c5-be3d-05bfad3a1dff,f783aad2-f7c1-45b3-a22c-08be5bc3fc12,d779a239-1a5c-48a5-8650-c374f4273f90,1000,2025-08-08T00:20:50.383,2025-08-08T00:20:50.383
4ae302fa-d1eb-4ac3-97a3-d2295be2b1b9,87a3b767-4c1c-4c09-b804-0e8cd527f4e0,d779a239-1a5c-48a5-8650-c374f4273f90,1000,2025-08-08T00:21:03.367,2025-08-08T00:21:03.367
c552265e-275c-4611-8216-1d397af081d3,ec49237b-5ee0-4cbf-9177-ab7f0d002d13,d779a239-1a5c-48a5-8650-c374f4273f90,1000,2025-08-08T00:27:41.099,2025-08-08T00:27:41.099
d8268cef-caeb-46e6-8147-8724500df463,beb7b5de-116b-4693-b8f1-721a951f2a87,d779a239-1a5c-48a5-8650-c374f4273f90,1000,2025-08-08T00:27:42.172,2025-08-08T00:27:42.172
1ef2cdd2-0319-4995-ae2a-355451a55f00,e0eaf5fd-9e08-4b8d-8d9f-1658722755ee,d779a239-1a5c-48a5-8650-c374f4273f90,1000,2025-08-08T00:32:17.648,2025-08-08T00:32:17.648
2e8f750c-e176-4d99-8157-a9a83a3d664e,17d1871c-74ad-491b-a034-ee8e443912bb,6a6b3b4f-3afa-43a9-946f-7e51f33738fe,8040,2025-08-04T19:02:24.149,2025-08-15T02:11:13.587
21955969-1680-4e29-9a74-4bd30d3bdacd,17d1871c-74ad-491b-a034-ee8e443912bb,d779a239-1a5c-48a5-8650-c374f4273f90,1160,2025-08-04T19:07:20.87,2025-08-12T13:42:00.712
006ea5a2-b186-411e-9a78-485e7da1cec4,c0e35808-bc4b-41ff-ba98-4885ace74349,d779a239-1a5c-48a5-8650-c374f4273f90,100,2025-08-06T17:00:01.667,2025-08-12T14:37:39.581
1b11adc7-59fb-4553-bfe0-0b4eb668069f,26c58060-88eb-48d9-9185-97fdb62d1b2c,d779a239-1a5c-48a5-8650-c374f4273f90,1000,2025-08-08T00:33:12.272,2025-08-08T00:33:12.272
617e9744-e63e-4bc2-a1d3-7a0ec96784b9,c4672e4c-5791-4ba8-b3ac-0153093e05fc,d779a239-1a5c-48a5-8650-c374f4273f90,1000,2025-08-08T00:51:58.493,2025-08-08T00:51:58.493
45e045fd-c682-4d63-8606-adf9c2cb56d8,e7263a32-22b7-468d-8f63-76d74a1922ae,d779a239-1a5c-48a5-8650-c374f4273f90,1000,2025-08-08T00:59:27.173,2025-08-08T00:59:27.173
858bd973-6db7-4629-b445-566445aadff6,0c2cf785-69cc-428e-a0b4-e0cb31d01dec,d779a239-1a5c-48a5-8650-c374f4273f90,1000,2025-08-08T01:27:19.874,2025-08-08T01:27:19.874
70982b94-c7d8-46e9-aa4a-c2b80c6929f0,e1bc532f-06e9-47df-8bc9-562bb5532094,d779a239-1a5c-48a5-8650-c374f4273f90,1000,2025-08-08T01:27:59.074,2025-08-08T01:27:59.074
3850a8ba-75c4-429e-a5a7-be95b900ce4d,522debe0-0cb4-461b-8124-4e7d7a42aa8c,d779a239-1a5c-48a5-8650-c374f4273f90,1000,2025-08-08T01:28:05.016,2025-08-08T01:28:05.016
44a3cb98-5c7a-4801-a9e9-13ee6e99cba6,a61f0bcc-e937-4a41-b52b-f8571b1d979b,d779a239-1a5c-48a5-8650-c374f4273f90,1000,2025-08-08T01:28:49.598,2025-08-08T01:28:49.598
3285dc0e-8235-4989-a721-7e595b2926a7,8d15bade-05e2-436f-858d-1be0a7b406e4,d779a239-1a5c-48a5-8650-c374f4273f90,1000,2025-08-08T01:28:54.06,2025-08-08T01:28:54.06
050f2b41-dca5-45ac-9c34-3644b19a3d3d,376ba697-d7b6-4900-b40e-19edab1bcbac,d779a239-1a5c-48a5-8650-c374f4273f90,1000,2025-08-08T01:29:02.12,2025-08-08T01:29:02.12
846d0fd3-c9f4-4a71-b4e6-c6c3dd7d9f07,a61f0bcc-e937-4a41-b52b-f8571b1d979b,6a6b3b4f-3afa-43a9-946f-7e51f33738fe,20,2025-08-08T01:29:33.281,2025-08-08T01:29:38.498
f7ee2525-1443-4534-b6e3-a8c2bdd68bcf,6303a918-a324-41aa-b980-552452bbd22b,d779a239-1a5c-48a5-8650-c374f4273f90,1000,2025-08-08T01:58:56.873,2025-08-08T01:58:56.873
178e8330-1706-49ec-8b00-cd95d200dd39,9cff4fdb-8eb1-4ec3-b3a5-26e28868e08c,d779a239-1a5c-48a5-8650-c374f4273f90,1000,2025-08-08T12:28:01.437,2025-08-08T12:28:01.437
4946bc5c-3d57-4586-9696-32d5c05d2e84,6417374d-1929-40a9-bb0e-5a734f5c2378,d779a239-1a5c-48a5-8650-c374f4273f90,1000,2025-08-08T14:41:02.536,2025-08-08T14:41:02.536
5fca4620-7e5b-4fca-8f88-bd6c627b9e17,39f1f26e-e88b-412b-a80e-cf769f7e7215,6a6b3b4f-3afa-43a9-946f-7e51f33738fe,10,2025-08-08T15:39:43.475,2025-08-08T15:39:43.475
3861fb76-d004-47b6-8b07-167125cc74c2,39f1f26e-e88b-412b-a80e-cf769f7e7215,d779a239-1a5c-48a5-8650-c374f4273f90,1240,2025-08-07T21:14:04.627,2025-08-08T15:40:01.143
0569323d-1138-40cb-bc20-202c922e0f57,23250625-3bad-4f6a-bdc2-f33248180011,6a6b3b4f-3afa-43a9-946f-7e51f33738fe,840,2025-08-09T15:41:01.263,2025-08-12T00:32:01.133
106eebe8-6e67-481b-8eb0-0276c87608ed,e0d22d1e-d25b-49c4-a643-b0c18647a4eb,89a711ed-bab7-4599-a272-d308018ff7d5,450,2025-08-14T18:10:01.385,2025-08-14T18:10:01.391
c4f5eb4e-aeb2-4cfa-a3ee-ca7d0104c4df,96d29685-fbcd-48d1-87aa-ac83184960c3,89a711ed-bab7-4599-a272-d308018ff7d5,920,2025-08-08T17:10:01.344,2025-08-08T17:10:01.372
fd1f8ad7-b16f-4302-9dfe-5e05b894c8e4,cf970ea4-aaa4-4d47-941b-f05888c637cd,63ad2dd1-8399-4619-b13b-9399ffa0455e,60,2025-08-08T17:20:01.798,2025-08-08T17:20:01.798
be515e14-0bf9-4441-a743-be92d6eccf03,3c950ea8-e015-41a3-8fd4-e2cc4afbe885,6a6b3b4f-3afa-43a9-946f-7e51f33738fe,660,2025-08-08T19:30:01.626,2025-08-11T14:00:02.406
5a7d3fbf-2369-447f-a4c8-83c5738f1a71,82c42ae9-a654-4adf-87d0-f6237cdbb225,89a711ed-bab7-4599-a272-d308018ff7d5,920,2025-08-08T17:50:00.922,2025-08-08T18:10:01.536
7458214a-4374-41b6-adba-713f45f14978,79e5aa6c-405a-451c-b7ad-f5fde43c5cbd,d779a239-1a5c-48a5-8650-c374f4273f90,240,2025-08-13T14:55:01.38,2025-08-13T15:00:02.569
bb21538c-177d-4c1e-ba40-df48d05dcd50,dda92bac-eedb-4b5d-af7b-15ece8511ab7,89a711ed-bab7-4599-a272-d308018ff7d5,65,2025-08-11T17:20:01.421,2025-08-11T17:20:01.421
2f05520b-e224-42a4-87ef-c7277ae2a633,3c950ea8-e015-41a3-8fd4-e2cc4afbe885,89a711ed-bab7-4599-a272-d308018ff7d5,120,2025-08-08T19:50:01.026,2025-08-08T20:19:19.518
6823e52f-18e4-448d-b058-e44c5eefe8bc,2ec1d361-26bc-40b0-8bdc-9baf04c0f7fe,63ad2dd1-8399-4619-b13b-9399ffa0455e,60,2025-08-12T00:51:00.891,2025-08-12T00:51:00.891
a05bf082-502c-436e-a618-42677a22bf1a,0d2fee1c-cf71-4d4a-a2be-a03a4ee3356c,d779a239-1a5c-48a5-8650-c374f4273f90,1000,2025-08-09T20:26:51.435,2025-08-09T20:26:51.435
3beb6b6a-c6a2-440f-bfa7-05c318f0a306,ec0f4797-9dcc-4132-91b0-d5780ac6cdec,89a711ed-bab7-4599-a272-d308018ff7d5,920,2025-08-08T20:20:01.139,2025-08-08T20:30:01.677
33553b9b-fe55-4f2f-a5f7-1ed4ab2b918b,f623fe2c-f811-4c91-8a10-aac47aeadcc4,d779a239-1a5c-48a5-8650-c374f4273f90,160,2025-08-09T04:50:01.321,2025-08-09T04:50:01.321
d72e36a9-5a0e-4d86-a1c2-67c05e17f1c5,f14801fd-e93c-4ba0-817f-62b0cfebb333,63ad2dd1-8399-4619-b13b-9399ffa0455e,480,2025-08-11T19:40:01.461,2025-08-11T20:40:01.615
a93fc4dd-1f27-4f08-959d-48b736d8002a,e559a27f-95db-4079-9a0f-da368c938fba,d779a239-1a5c-48a5-8650-c374f4273f90,230,2025-08-09T19:40:00.966,2025-08-15T01:40:49.871
9427e906-e099-4189-b648-396c17e08b6a,e559a27f-95db-4079-9a0f-da368c938fba,89a711ed-bab7-4599-a272-d308018ff7d5,360,2025-08-09T19:31:01.495,2025-08-09T22:10:01.373
65956283-e23c-4876-8b19-ffb154bbcf9e,52232409-90a8-46d4-9523-94d4883f186e,d779a239-1a5c-48a5-8650-c374f4273f90,240,2025-08-09T23:30:01.11,2025-08-09T23:30:01.123
4f575014-2c9f-46e0-88ad-7c3bf19901c6,32bdf5e4-c807-43af-a16e-81037d0afa8c,d779a239-1a5c-48a5-8650-c374f4273f90,160,2025-08-10T00:30:01.703,2025-08-10T00:30:01.703
7c12fc53-65ca-4810-970c-067a76954415,4f3a4157-6f99-4c55-baad-c51f321bbd67,6a6b3b4f-3afa-43a9-946f-7e51f33738fe,840,2025-08-12T14:20:01.142,2025-08-12T14:51:01.174
22558382-2d23-43b9-996c-d4ccfe6e5fbf,7920da76-1c5c-4430-a5c9-406268fe0411,89a711ed-bab7-4599-a272-d308018ff7d5,800,2025-08-08T21:40:01.131,2025-08-10T04:10:01.321
d23aecda-8c76-4823-b931-ed5b571046ac,fe6aec94-3c97-4195-afb5-544bf8e0059c,d779a239-1a5c-48a5-8650-c374f4273f90,1000,2025-08-11T22:29:38.297,2025-08-11T22:29:38.297
13da215b-c818-450c-b4b9-6d93479dd4c7,52733dd7-3606-474f-8ec5-e8a4413c6aa9,89a711ed-bab7-4599-a272-d308018ff7d5,600,2025-08-13T16:40:01.091,2025-08-13T16:40:01.097
f3c35729-52d9-4d77-b750-69a7b32ad121,0cc84b09-44c9-43ae-bf2e-2e1af294bead,6a6b3b4f-3afa-43a9-946f-7e51f33738fe,20,2025-08-14T16:18:11.517,2025-08-14T16:18:15.614
593f6bbc-bcc8-4f66-aed2-e0d66fd66e2b,fe6aec94-3c97-4195-afb5-544bf8e0059c,63ad2dd1-8399-4619-b13b-9399ffa0455e,160,2025-08-11T22:32:01.513,2025-08-11T22:32:01.513
8143e0c0-feba-40f9-9bbc-711fec4832fb,abc5e8e3-d559-46a3-9b87-bd2731be99ba,d779a239-1a5c-48a5-8650-c374f4273f90,1000,2025-08-12T15:37:08.782,2025-08-12T15:37:08.782
5dd6bf6b-4de3-42ca-876d-62143031d51b,5f1fd36c-bdac-40e6-a891-f57f399369e5,89a711ed-bab7-4599-a272-d308018ff7d5,570,2025-08-09T18:40:01.875,2025-08-11T00:50:01.497
9a84a92a-5734-4b6f-98fb-45398bed99d0,285ea74f-b85b-41c6-960c-9407980e5f44,d779a239-1a5c-48a5-8650-c374f4273f90,1000,2025-08-11T02:05:49.469,2025-08-11T02:05:49.469
4646087b-653a-462c-8e32-bfd3dcf619d7,23250625-3bad-4f6a-bdc2-f33248180011,63ad2dd1-8399-4619-b13b-9399ffa0455e,1320,2025-08-09T15:41:01.252,2025-08-12T15:40:01.308
e4a80929-d423-4942-aa57-9408adf47bd6,405b2f23-e8ce-4d6f-a25d-ba08cf6fda73,d779a239-1a5c-48a5-8650-c374f4273f90,1240,2025-08-12T01:40:01.515,2025-08-12T01:50:00.92
258f07e4-e271-4237-a032-6f4eaa9c692f,23250625-3bad-4f6a-bdc2-f33248180011,89a711ed-bab7-4599-a272-d308018ff7d5,920,2025-08-09T15:41:01.281,2025-08-11T05:10:01.551
743d45c6-0a96-423b-9aa0-bcfe6d7ad726,cf970ea4-aaa4-4d47-941b-f05888c637cd,89a711ed-bab7-4599-a272-d308018ff7d5,800,2025-08-08T18:00:01.646,2025-08-13T21:20:01.056
d2dc7dfa-b7d6-479f-83be-499962b14a90,5bbc601d-d2f7-440b-a712-1d87d6e6ef5c,d779a239-1a5c-48a5-8650-c374f4273f90,500,2025-08-12T17:10:01.123,2025-08-12T17:11:54.671
08ef3982-162e-4700-8f66-ba5b0adbdf2f,fa4357a1-34f6-4fc0-9ca1-9795d3ceac43,d779a239-1a5c-48a5-8650-c374f4273f90,1000,2025-08-11T22:50:14.844,2025-08-11T22:50:14.844
3a1bbf94-8069-475b-8b14-5e8cc25787a2,46908831-8fad-49a9-ba1b-5158ea03a3b4,6a6b3b4f-3afa-43a9-946f-7e51f33738fe,750,2025-08-14T19:39:39.85,2025-08-18T19:40:01.135
a2e640e6-ad14-453d-8241-4a79989498a6,5f5fd52a-de65-4690-8674-dcf4fc0a8703,d779a239-1a5c-48a5-8650-c374f4273f90,1400,2025-08-12T14:25:32.33,2025-08-12T14:30:01.561
c8d46c74-f148-4a9a-9b8b-7d01e2cf841e,40aba749-503a-4a40-8003-34a4c99dd642,63ad2dd1-8399-4619-b13b-9399ffa0455e,180,2025-08-14T16:40:01.344,2025-08-14T16:50:01.633
1e22165e-aa00-431b-9c23-1072f0450736,4f3a4157-6f99-4c55-baad-c51f321bbd67,89a711ed-bab7-4599-a272-d308018ff7d5,65,2025-08-12T14:20:01.102,2025-08-12T14:34:32.63
4087cac8-1e91-452d-ba1e-3c779af80da0,0a513339-b4e6-44b3-9313-eab2bbf6a306,63ad2dd1-8399-4619-b13b-9399ffa0455e,60,2025-08-14T17:00:01.911,2025-08-14T17:00:01.911
6d55213d-9b48-4795-a7c9-7347b1c96694,3c950ea8-e015-41a3-8fd4-e2cc4afbe885,63ad2dd1-8399-4619-b13b-9399ffa0455e,600,2025-08-11T13:40:01.769,2025-08-14T17:07:31.697
3ec5a10a-18a2-418e-a9d5-60c872cb4e08,82c42ae9-a654-4adf-87d0-f6237cdbb225,d779a239-1a5c-48a5-8650-c374f4273f90,160,2025-08-15T11:50:01.669,2025-08-15T11:50:01.669
66d8e1c7-43a6-4c38-9770-fe7319c9d443,977f51d3-c36c-4ac8-a763-955c4a362f2e,89a711ed-bab7-4599-a272-d308018ff7d5,350,2025-08-14T04:20:01.312,2025-08-14T04:20:01.312
09a98648-1857-400e-aa6d-0b879afdfb7b,27fe07ef-8829-4ed8-97b8-6e1e2ed57e75,d779a239-1a5c-48a5-8650-c374f4273f90,1000,2025-08-12T18:34:38.022,2025-08-12T18:34:38.022
6cc3c861-c098-48c2-9119-4772dc858950,61cea232-1100-4cf8-926f-e4a364243d4c,d779a239-1a5c-48a5-8650-c374f4273f90,110770,2025-08-12T00:39:03.723,2025-08-18T18:30:01.952
6172fd78-eacf-4a87-b55a-e52bc9e9743e,4f3a4157-6f99-4c55-baad-c51f321bbd67,63ad2dd1-8399-4619-b13b-9399ffa0455e,1560,2025-08-12T14:10:01.016,2025-08-13T22:30:01.626
94bc27e4-1ae0-4ec4-815d-606432b80ce6,a014d170-25d9-48dd-b9a9-c71273248103,d779a239-1a5c-48a5-8650-c374f4273f90,80,2025-08-15T18:00:02.761,2025-08-15T18:00:02.761
8b6011f5-c3d8-410f-920b-eb7d954c881a,27fe07ef-8829-4ed8-97b8-6e1e2ed57e75,6a6b3b4f-3afa-43a9-946f-7e51f33738fe,60,2025-08-12T18:41:01.21,2025-08-12T18:41:01.21
60a04400-429d-41c6-a73d-4961034c5af1,27fe07ef-8829-4ed8-97b8-6e1e2ed57e75,63ad2dd1-8399-4619-b13b-9399ffa0455e,180,2025-08-12T18:41:01.198,2025-08-12T18:51:01.505
b8e7652b-0361-404f-a305-23b7f403ee3b,977f51d3-c36c-4ac8-a763-955c4a362f2e,d779a239-1a5c-48a5-8650-c374f4273f90,80,2025-08-14T04:20:01.324,2025-08-14T04:20:01.324
8c9d51f8-8c6a-47b3-966f-c16133e9871c,977f51d3-c36c-4ac8-a763-955c4a362f2e,6a6b3b4f-3afa-43a9-946f-7e51f33738fe,10,2025-08-14T04:04:13.074,2025-08-14T04:04:13.074
eb49819f-442d-4862-9eda-1ac638628d65,977f51d3-c36c-4ac8-a763-955c4a362f2e,63ad2dd1-8399-4619-b13b-9399ffa0455e,720,2025-08-14T04:00:02.05,2025-08-14T04:20:01.33
a129c58e-2482-4fba-8065-c2f46cb874c0,e559a27f-95db-4079-9a0f-da368c938fba,63ad2dd1-8399-4619-b13b-9399ffa0455e,1790,2025-08-09T22:10:01.358,2025-08-18T20:35:31.73
8741cb3c-d6ae-42f0-b5c6-6ce4927e6ea0,863f2e91-c6ee-47c8-894e-f6c87fa3e99d,d779a239-1a5c-48a5-8650-c374f4273f90,880,2025-08-14T13:07:00.877,2025-08-14T20:00:01.852
5ae6924d-c1ec-4fb4-9d89-930645c77348,e0d22d1e-d25b-49c4-a643-b0c18647a4eb,d779a239-1a5c-48a5-8650-c374f4273f90,210,2025-08-14T18:20:01.776,2025-08-14T18:21:48.134
71c2a5ba-8142-470b-a0e2-caca738e1b13,099e1e48-6ae2-4ebc-a2b2-4ae509b5f260,d779a239-1a5c-48a5-8650-c374f4273f90,190,2025-08-11T22:13:37.787,2025-08-17T14:53:28.781
52b5554d-8257-4402-8150-746ecbfab797,acb52528-9307-4928-82eb-7ffde9619074,63ad2dd1-8399-4619-b13b-9399ffa0455e,0,2025-08-14T21:10:01.75,2025-08-14T22:46:17.877
ae4ebb19-6d0c-4eec-8fad-65e0972d0c01,acb52528-9307-4928-82eb-7ffde9619074,6a6b3b4f-3afa-43a9-946f-7e51f33738fe,60,2025-08-14T22:40:01.714,2025-08-14T22:40:01.714
ea28564e-5520-4d96-a2e3-872a7ca3af3b,86231c79-2f73-47d1-ab23-cb1809a9d3b6,89a711ed-bab7-4599-a272-d308018ff7d5,800,2025-08-14T17:50:01.719,2025-08-15T15:11:00.856
c47e093c-c42a-4e01-b5fa-302c06518fd8,baad08e5-8e23-4361-96cc-afd1c18415a8,63ad2dd1-8399-4619-b13b-9399ffa0455e,60,2025-08-15T18:20:01.516,2025-08-15T18:20:01.516
44b62e67-540e-4def-ae1f-fcf9b8b82750,67acad7c-6ef6-4cdf-a98c-76b8f3c6ae73,63ad2dd1-8399-4619-b13b-9399ffa0455e,60,2025-08-15T18:40:01.139,2025-08-15T18:40:01.139
51084d5b-c802-4090-bb39-a8f0e10877b4,facb3f99-b222-4e5d-b71e-d65a48f9f67a,63ad2dd1-8399-4619-b13b-9399ffa0455e,60,2025-08-15T19:00:02.123,2025-08-15T19:00:02.123
6c573220-9cd0-4cff-946a-804580056a89,23250625-3bad-4f6a-bdc2-f33248180011,d779a239-1a5c-48a5-8650-c374f4273f90,1850,2025-08-09T15:41:01.301,2025-08-18T01:10:59.007
70958639-188f-49d2-a65f-8b5e95805b65,46908831-8fad-49a9-ba1b-5158ea03a3b4,63ad2dd1-8399-4619-b13b-9399ffa0455e,800,2025-08-14T19:39:42.579,2025-08-18T19:50:01.679
74f7fea9-72be-434e-b25e-2e563c339550,07918361-1756-452f-b26d-758361608b7f,63ad2dd1-8399-4619-b13b-9399ffa0455e,60,2025-08-15T20:31:01.037,2025-08-15T20:31:01.037
3751ca73-7ffe-4359-9e44-3d9c5217dc4d,9a23ac3e-586a-4485-bb99-389be111e05e,6a6b3b4f-3afa-43a9-946f-7e51f33738fe,10,2025-08-16T00:52:03.887,2025-08-16T00:52:03.887
39bb763a-a1cd-44ce-870b-2fee5ceac93f,9a23ac3e-586a-4485-bb99-389be111e05e,63ad2dd1-8399-4619-b13b-9399ffa0455e,10,2025-08-16T00:52:16.053,2025-08-16T00:52:16.053
0bf73677-5d2d-4738-8c85-e06c8d88965e,385b17c0-96d8-43e2-bda6-62fdd682882c,89a711ed-bab7-4599-a272-d308018ff7d5,920,2025-08-18T13:40:01.518,2025-08-18T13:50:01.271
a1793827-9622-4f49-935e-7049db2e7c74,46908831-8fad-49a9-ba1b-5158ea03a3b4,d779a239-1a5c-48a5-8650-c374f4273f90,1900,2025-08-16T14:00:02.389,2025-08-16T14:00:02.449
4d5ae893-eefd-40c2-84d2-a4b4d19bc261,425e37a7-9fc1-4fc8-b6f1-0a4606a1f34b,6a6b3b4f-3afa-43a9-946f-7e51f33738fe,120,2025-08-16T14:46:00.94,2025-08-16T14:46:00.94
15289855-afae-4813-aa43-bd3c62107353,425e37a7-9fc1-4fc8-b6f1-0a4606a1f34b,63ad2dd1-8399-4619-b13b-9399ffa0455e,120,2025-08-16T14:40:01.762,2025-08-16T14:51:01.108
6d213a0f-4b5e-4a57-afa0-fa0fcb1d4cbf,50afd934-9a8b-45ac-8f2b-cb5c6807cc7f,d779a239-1a5c-48a5-8650-c374f4273f90,240,2025-08-18T16:40:01.124,2025-08-18T16:40:01.134
6fc5e65e-59c8-43b2-9d5a-0759ceea690a,50afd934-9a8b-45ac-8f2b-cb5c6807cc7f,63ad2dd1-8399-4619-b13b-9399ffa0455e,180,2025-08-18T16:30:01.694,2025-08-18T16:40:01.14
09da190f-5d06-4b88-a99f-575e965eb10b,830e8484-1fc8-4b93-b13a-25bad72384bf,63ad2dd1-8399-4619-b13b-9399ffa0455e,60,2025-08-18T17:50:01.451,2025-08-18T17:50:01.451
653e5265-6272-41e3-8eab-4e7f05b2a797,385b17c0-96d8-43e2-bda6-62fdd682882c,63ad2dd1-8399-4619-b13b-9399ffa0455e,420,2025-08-18T18:20:01.532,2025-08-18T18:20:01.573
18fd92d2-560b-47bc-993f-e794907b3ff7,af69d7fe-a266-498f-a9e0-e4dc909df2ac,d779a239-1a5c-48a5-8650-c374f4273f90,160,2025-08-18T18:20:01.583,2025-08-18T18:20:01.583
f69c493a-5ac8-4e20-936c-0388373ea153,830e8484-1fc8-4b93-b13a-25bad72384bf,d779a239-1a5c-48a5-8650-c374f4273f90,240,2025-08-18T17:50:01.462,2025-08-18T18:50:01.489
d26fd884-51e9-44b3-a98d-eb99b0130afd,3f1d2720-a925-4484-a526-af12ecd14b77,d779a239-1a5c-48a5-8650-c374f4273f90,80,2025-08-18T18:50:01.489,2025-08-18T18:50:01.489
b43190d2-b2d1-4923-b0d8-5fe09189051e,3d82cd02-22ff-4d23-bb99-0f71f9c61697,63ad2dd1-8399-4619-b13b-9399ffa0455e,60,2025-08-18T19:50:01.678,2025-08-18T19:50:01.678
f8ef740d-f081-419a-abcd-48dc0c075777,751e1ace-38e9-4b20-bbc9-fdc55a908292,d779a239-1a5c-48a5-8650-c374f4273f90,160,2025-08-18T20:00:02.164,2025-08-18T20:00:02.164
9215fb44-2017-4303-b373-d2d0914c0b71,e559a27f-95db-4079-9a0f-da368c938fba,6a6b3b4f-3afa-43a9-946f-7e51f33738fe,1050,2025-08-09T22:19:54.46,2025-08-18T20:35:33.538
b583e274-2a2c-4fcd-9c9c-3199a5ebfd6e,9326a5b5-2218-4a33-a708-e3a82827657a,d779a239-1a5c-48a5-8650-c374f4273f90,240,2025-08-16T13:00:02.471,2025-08-19T14:31:01.551
10f69ba1-6aa9-476b-af27-5a73d153280f,9326a5b5-2218-4a33-a708-e3a82827657a,89a711ed-bab7-4599-a272-d308018ff7d5,865,2025-08-16T14:30:01.661,2025-08-19T14:31:01.569
a117792f-70e4-4cfb-8532-75250526a57e,b7531944-92d4-4702-99ff-0c2af44689e2,d779a239-1a5c-48a5-8650-c374f4273f90,330,2025-08-16T17:20:01.581,2025-08-16T17:37:32.534
49e66837-4d2f-4c8c-9ada-253e37d6d629,b7531944-92d4-4702-99ff-0c2af44689e2,89a711ed-bab7-4599-a272-d308018ff7d5,120,2025-08-16T17:20:01.611,2025-08-16T17:38:13.112
048fbb80-40e4-42a6-b0a0-92d2e11fcfa7,b7531944-92d4-4702-99ff-0c2af44689e2,6a6b3b4f-3afa-43a9-946f-7e51f33738fe,900,2025-08-16T17:20:01.605,2025-08-16T17:40:01.115
f34ef946-98aa-4166-b358-dd61d446b9bb,b7531944-92d4-4702-99ff-0c2af44689e2,63ad2dd1-8399-4619-b13b-9399ffa0455e,960,2025-08-16T17:20:01.591,2025-08-16T17:40:01.135
d845ddaa-5cfd-400d-b246-e2becb0adc74,099e1e48-6ae2-4ebc-a2b2-4ae509b5f260,63ad2dd1-8399-4619-b13b-9399ffa0455e,160,2025-08-16T21:57:01.299,2025-08-16T21:57:01.299
55c6ee91-22c6-49cc-825c-3fcd89ed3211,edc75d25-e954-41ed-ad09-f3186148a6e3,6a6b3b4f-3afa-43a9-946f-7e51f33738fe,180,2025-08-17T18:28:00.943,2025-08-17T18:30:01.204
90365ac4-abf6-4535-b6b2-0bd4310bef97,edc75d25-e954-41ed-ad09-f3186148a6e3,63ad2dd1-8399-4619-b13b-9399ffa0455e,120,2025-08-17T18:20:01.578,2025-08-17T18:30:01.214
7c38921a-db4b-4d44-844a-1bbd62ea93fd,a2d06226-6308-4c68-af29-5729bc604b04,6a6b3b4f-3afa-43a9-946f-7e51f33738fe,60,2025-08-17T19:00:02.354,2025-08-17T19:00:02.354
a7631433-6a68-40b3-91ea-dc07f55b8642,99af0058-26cd-4f78-8ed1-2a186e166817,89a711ed-bab7-4599-a272-d308018ff7d5,450,2025-08-18T09:00:02.482,2025-08-18T09:00:02.505
